seq,label
GGAUUUCAGGAUUGAGAAAUUUUUCCAUCGAGCCUUUUUAA,1
AACUCAGAAGGCUCUUUGGAUAGGUUGUAUGACACACACAU,1
UACCGGCACGAGACCGAUAGUCAACAAGUACCGUAAGGGAA,1
CGUCGUGACCUCUGACGGUUUCUGAGCGUUGGCCUUUGGCA,1
UUACCAGACUGGUUUAUAACUGCGAAUGGCUCAUCUUUCUA,1
GCUGGUCAAGGUAUGGAAUCUGGCUAACUGCAAGCUGAAGA,1
UGGAGAUCGAGCUAGUUAAAUACGUUGAGCCAAUCCGGAAG,1
GCCCCAGCACUUCCUGAUCUUUGAAUGAAGUCCGAGUAGGC,1
GCUGUAGGGAGUUUGCACUGUAGUGACGGCAAGAGCUCACG,1
CGAAACUAUCCACGACAUAAUCGGAAGUUGGUGUGCCGAGA,1
UUAGUGGCUCUGAGCAGCGUUUGGUCGGAAGGCAGGUGACG,1
UCCGGGAGAUCGCGGACGGGUUGUGCCUGGAGGUGGAGGGG,1
UUCAGCGCUAUCUUAGUACGUAAGAUUAGCGUGCUUAGCCG,1
GGGACCGGUGAACACCUGAUUCCAAACAUGUAGGAUGGGGG,1
GAUCUGGCGAAAUCGGACAAUUGACAUUGGGGUUGUAACAG,1
GGGUGAACCUCAACUUCUGCUUUCAUCAACAGCAAGAGAGC,1
ACCGUCGUGAGACAGGUUAGUUUUACCCUACUGAUGAUGUG,1
GCAAGAUGAAUCUGAAAGAGUAGAAUGCUAAUGUUAAACCU,1
GCAAGCUGUGGCUCUGACUCUGCAGGAGGACAGAGCAUCCC,1
ACCGGACUGUCGGUCAGAAUUGGUGAAGGAAGCGGCACCUG,1
GAACUUAGGCCUUUGAUACCUGUGUUGGAAGAGUACAAGGC,1
UACCCGGCCGUCGCCGGCAGUCGAGAGUGGACGGGAGCGGC,1
GAUCUUCGCUUCCAGAGCUCUGCGGUGAUGGCGCUGCAGGA,1
GCUCAAGAGAGAGCAGCAGAUUGAUGAGAAGGAGCACACAC,1
CCUGUGCUGCUGCGAGUACAUAGAUCGGAAUGGGGAAAAGA,1
CACCUCGGGCUGGAGGUUCGUGCAGAUCAAGGAGAUGGUCC,1
UCAGUCCUCUGUUGUCGGAUUUCAUUAAGAACACAAGAUGC,1
CGGAUACCCCUUCACUCCUUUUAUGAGUGAAACAUAAGAGU,1
UGCCUGAAAUUCAAAAUGUAUUAAGGCAACUGCGAGCUUUG,1
CUCUGUGAGACUCGAGAACUUUCAUUUUUUUCCAGGCUGGU,1
UGCUUCCCAUUAAAGCCAACUCGGCUUGGCUGCGAGCCUUU,1
ACAUCGUUUGUACCUGAAACUGCCGCCACAUGCACUCCUCC,1
GAAGAGAACCAGAGACAAACUAGAUCAAAAAGAAAAGCUAC,1
AGCUUUGAAACUACAGAUGAUAGUUUACGAGAACAUUUUGA,1
AUAGUAGAGGUAGGUGGAAUUCUAAUAUUCCCUGCUCUUUA,1
UUGGGAGUGAUGCGUUUGAUUCUGCCCACAGGGCCUGUGCC,1
GCUGAUAAAAUCGAUCAGUGUCUACAGAUAUGGCAGCAGGU,1
CAGGCCGGGACUGUAUUCAGUAUAUCAAGGAGCAGCGUGGG,1
UUCUUUUUGUACAUAGACUGUUGCCUUGUGGGAUCUGAGAA,1
GGGCUCUGAGAGUCCUGAAUUCUUACUGGGUUGGUGAAGAU,1
UAGGCCGCUUUUUCAGCCUAUAGCAGAAGCUCCAGUUCAAC,1
CUCAUUAAAUCAGUUAUGGUUCCUUUGGUCGCUCGCUCCUC,1
UGAUGACUUGCUGUUGAGACUCUGAAAUCUGAUUUUCUGAG,1
CGGUUGGCGACUCCCGGACGUAGGUAGUUUGUUGGGCCGGG,1
CCUCAGGGACGACUCUGACCUCUUGGCCACAGAGGACUCAC,1
UGCUUCCUGAAGGAAUGGGUUGGGCAUACCAUCUGUAAUGA,1
CACCGAAGUGGUUAGGACUCUAUAUAAAUAAAAACAAGGCU,1
CAAGGAGGAACCUGAACCCCUAUCCCCGGAGCUGGAAUACA,1
UUUCUCCCGGUACCAGAACUUUAAAGAAAGAUAAACUUUUU,1
CCAGGAGUUCUGGGCUGUAGUGCGCUAUGCCGAUCGGGUGU,1
UUUCGAAUACCCGGUUUUAAUAGUAGGAAAAUGGCAGAUUA,1
AAUGGAUUGUGGUCUCAGUUUAGAUGAAGACAAUAUGGAAU,1
CUCACUUGGGUUGGGGGAACUGGGAAUGGCUCAGAAAAGGC,1
CGGGCUUCGAGCCCGCGGACUGCAAGCGGAAGGAGGAGGCC,1
UUGGGAUAAUUUAAGUGCAUUUGCCGAAGGGGCAGGACGUC,1
UGAGUUGACAGAAGACCAAAUAGAAUAUGUGGAAGAGCCAG,1
GGGAAUUACUGCUAUUGAACUAGCCAAGGGAGAGCCACCUA,1
ACGGGGAAUCAGGGUUCGAUUCCGGAGAGGGAGCCUGAGAA,1
GAUGUCGUUCUAGUUUCAUAUAUUCACCAAGCUCAUCCUCG,1
GCCUGCAGGACCCAACAUACUCAAUGAGCUUCCAGCGCAAU,1
AAAGAUUAACUAAUAGCCGGUCGUUCGUAAUUGCGCUGAAA,1
UCCUGUGCUCCUGUCUUCCCUGGAUCGGAAGGGCAUCGUGA,1
GGUACUGAUUUGAUGCAACGUAGAUGUAAAAGAGUAUUAUU,1
AUUGUUUGCUUCUCAUAUAAUCCCUUUCUACUCGAGGACCG,1
GUGGAACCAAUGAAUGUUUAUAAUUAAUGCGCAUGAAGUGU,1
UGUCGACGAUGCUGCGAUUGUGAUAAAAAACACAAAAGAGC,1
UGAUUGAACUUUUUGAAUCUUUCAAGAGUUUUGAAGGUAAU,1
CAAAGUCUGAACAAAGUGAUUGGUACCUCGUUGUCUGAUGC,1
UUGUGUUGACCAACCGCGAAUGGUAUUCGGAUUGUGAUCAC,1
UGAACUUCCGAAAGCUGUUGUUGAAUCGAUGUCAGAAGGAG,1
UACAAGGAAUGAUGGAGGUAUCUAUACAUGCUUUGCAGAAA,1
AGUAGGGCUGAGAGAGGCUUUAGUGAGGAAGGAAUAUUCAG,1
UCCUGUGGUCUGUUGGCUGUUCUGGGACCUCAGUAGGGAAU,1
CACGGACAACCUGGUGCGAGUGUGGCAGGUGACCAUUGGCA,1
GCCUGCGGCGGAAGCAGCACUCCCUGCUGAAGCGCCUGCGC,1
AAUGACGUGGAACUGUCUUUUACCAAGAAUGGAAAGUGGAU,1
UGGGCAAAGUUCCCUCUGACUCUUCCCCCACUCCCCAUCUU,1
AAUGGCGUUUGAAGAACCUAUAGAUGAGAAGAAGUUUGAAA,1
UGCAAGGCUGGGAAGAAAGGUGGGUGCGCGGCGGGCCUGCU,1
CUUGUGUGUUAUGGCCGGUGUAGACAAGGAAGGGCACAUGG,1
UCAGACCUUGUGAAGGUGACUCUGACUUCUGAGGAAGAGGC,1
UGAAGGCCAAGAACCUGAUGUACCUGAAGCAGAUCCUGUAU,1
ACUGUAGACACAGCCAUCCAUAGAUCACACACGUCUGUGUG,1
ACCUGAAACUCCUGAGCGUGUGCUUAAAACCAAUUUGUCCA,1
UUUCGCGGCCUGAGCGAGCGUUCCACACCGGUUAGUAUCGG,1
AUGGAGCUGAACCUGCCGACUGGUAUUCCCAUUGUCUAUGA,1
CCGGCGAGUUCGUGGACCUGUACGUGCCGCGGAAAUGGUAA,1
UUGGACUCGAACCCUCUGACUAGAGUGGAAGAGGCACUAAC,1
GAGGACCAUGUGUGGACGUGUGCUCCCUGCAGUGCUCACCC,1
GUGCUGCUCAACCUGGGCACUAUUGAAUUAUAUGGCUCUAA,1
CGCCACUGGCUGGACGCUACUUGCUGAGCGCGGUGCUGACU,1
UCCUACUGAGGACUCUUGACUAACAGCAUACUGGCAGUUUC,1
GGUUUACCGUUUCUGUUUGGUUGGUCGGUUCGUUUUGCCGU,1
UCCUCUAAGAAGUUCUGAGCUUUCUGUUUACACAUUUACUU,1
UCAACGAACCUCCAGUUACGUCAGAGAAACCUUAAGUCGAC,1
GGGCCGCCUGGAGGCGGAGCUGCGGAGCAUGCAGGAUGUGG,1
CGGACCCGAGACGACGGCGAUGAGGAAGGGCUCCUGACACA,1
ACUCGGAUUCUGGGAUGCCUUAGGAAGGAGAGACAGGAAAG,1
UGCUGGUGCAUCGGGACGUGUGCCACCAUGUUCUCCUCUGA,1
UGAUUUUACAGAUCCGCUGUUGUACCAGGGGUCUAAUCAGG,1
AGUAUGAUUGGCUGUGAUUUUAGGUUAGUUUUUGUAAAUCU,1
AUUUCCUCGUCCUGUGACUGUGGAGCCCAUGGACCAGUUAG,1
AUGGCCGCCGUGUUGAGGACUCUCAGAGGGAAAUGUCAUGG,1
UAUGUCCGCUCUGACUCGGCUGGCGUCUUUCGCUCGCGUUG,1
CUCUAGUGAUCCCUGAAAAGUUCCAGCAUAUUUUGCGAGUA,1
GUGGUGUCUCGGUGGAUGACUCUGGAGAUCCGCGAAGGAAG,1
AGACUGACUUUCGGAAGCGUUCGACUACACAGAUCAUUAAG,1
CACUAGAGAUUUCGUCGGUAUAUGCGUCGAGCCCCGACGGA,1
UUACCGCACGGCUCUGAAACUUAAGCCUGAUUUUCCUGAUG,1
UUGAGGAUUCUGGUCUCCAAUGGAGGCGUGGGUUCGAAUCC,1
CGAAGCGCAAAGUAUCUUGCUUUUCUAUGGAGAGGCAAGAU,1
CCUAGUGCAACACGUGCGCCUUGCACGUGAGUCGAGCCGCG,1
GGAAGAAGGCACUGACCGACUACAAGAAGCUGCGGGCCUUC,1
GGUGCUGGACUUUGAGCACUUUCUGCCCAUGCUGCAGACAG,1
CCUGUUGACUUUGUCACUGCUGACAAGUUUGAUGAGAAUGC,1
AUUCAGAAAAUGGACUGAAGUCUGAAUAAGGUCAUUGCAUU,1
ACUACGAAUUACGAACAAAGUCGGGUGGAUAGUGCAUAACU,1
UAGGGGCGCUAGGCAAGCGGUGCGGUGACAGCGAUGGUGGA,1
GGAACUUGGGUGCAGCUCAGUGGGUCGGAAGAGAAGGCGGU,1
CAGUGACCUUGAACAUAUCUUAGAUGGGGAGCCUCGGGAAA,1
CGCAGUGCCCCGCAUAGCUUUGGGAUAGGCUUCAAGCGCAC,1
GCCUCUGGCUUCCCUGCCAGUGCAGCCCUGGCAGUGUCCUA,1
UAUGGCUGUUCUGAACUGUCUCUUCGACUCAUUGAGCCAGA,1
AUGUCCAUGAAGGAGGUCGAUGAGCAGAUGCUUAACGUGCA,1
AAGUGACCGAACCUCUGAAUUUAAAUCCAGCUAAACGGCCU,1
CCUGAAUGAGCUACGGGAACUAGAACGGCAGAGCAGUGUCA,1
CCGGGCUCUGGAGAAACAUGUAGAUUUGAGAGAGAACGACA,1
AGACUGGAGAAGAUAGGCAUUUGAGUGGCUGAGAGGGCUUU,1
CGAGUCGCCGGCUGCUUGACUCCAAAGGCUCUUUUCAGAGC,1
CGGAGUCGAGCCGAGCUGAUUUGAUCGAGGAGCGCGGUUAC,1
GUGCGACCUACUAGGUCCUCUCGCACAUGCUCGCUAGUUGC,1
GUUCCAGUGUAGAACCUGAGUCCCCCAUUCCCCAAAGCCAU,1
ACUGACGAAUUCUCUAAUGUUAGAAGAGGAAGAGGUGUGGA,1
UCUGUAGUGUUGUCUAUACCUAACGGAGUCGGCGAGGAGCU,1
ACUGGGAAAAGAACAGUGAAUAGAAAGAGAAAAGCCACGUC,1
UCAGACGGCUCUGAGCCUUAUUUCUCUGGAAGCGGCUAAGG,1
AGGUCAGUCUGAGCUGACUCUGUUACUGAAGAUUCAGGAGU,1
GCAGCGUGACCAUCUGAAGCUAGCCAGCGCUUGGGCUCUAG,1
UCGACAAGGCGGAGGACGUGUGCCUGUUCGUAGCGCAGCCC,1
GAGUGCUCGGAGCCUCUGUGUGAGACCUGUGUAGAGGCGCA,1
CCAGGUUGUUGAAAAGACUUUGUACUCCCACUUCCUCCAAA,1
UGGUCGCCCUGGACAAGAACUUCCACAUGAAGUGUUACAAG,1
AGGACCAGGAAGCACCUGACUCAGAUGCCGAGGUGGAUGGU,1
UGAGAAACUUUGAUCUCUGCUUACUAAUGUGCCCCAUGUCC,1
UAGAUAUAAUGAGGUAGAAGUAGAAAGGAAGAAAAACUCAA,1
UGACUCCGUGGAUAAGAUUGUCAGUAAGUAUCAGAUAGUGG,1
UCCCUGGAGUCAGGGUGAACUGCAAAGCUUUGGCUGAGACC,1
CAGCCUCUGGCUUGAGAACUUACUAAAGGCACUUCCUUCCU,1
AGGCUUAGCAUUUCAGGUCUUGUUGAAUAGAGCAAGCCUAU,1
UCCCUGGAGGAUGCCUGAAUUCUACAACCGGUUCAAGGGCC,1
UGGGGGCUUCGUGGUGACUGUCAAGCAAGAGCGCGGCGAGG,1
UGAGAUAGUGGUAGGAGAACUAGAUCGGGGCAUACUUCUUG,1
GGAGAUGCUCGUGGAACGACUAGGGGUGAGUCACGAUGUUA,1
GCGGUCGGCGUCCCCCAACUUCUUAGAGGGACAAGUGGCGU,1
UAAAAAGGAACUCAAGUCUUUAGAUCAGGCUAUUAAUGACA,1
GACACCAAAGGACUCCCUGAUUGACCGGAGACGCACCCCAG,1
UCUCACCGCCGCGGCCCGGGUUCGAUUCCCGGUCAGGGAAA,1
GCGUCGGGAGGCCAAGCUCCUAAAGCGGGAGGGCACGCCUC,1
UGUUCGCCGAAAAAUCACCGUGUACCCAUAAUGAUGUCAUA,1
GGAUACGUAGUCUCCCGAACUAGAUCGGAGCAUUGUCGUCU,1
CGAGGACGAAACUUUUAGCCUGACUGGGGACGCCUAGUAGC,1
GAGCUAAGAUCGCGCCACUGUACUCCAGCCUGGGCAACAGC,1
ACACGCGCAAUCGAAGUUAAUCGGAGUAAACUCGUUAAUAG,1
GCGCCGUGUGCUGGCGAUCCUUCUCUCUACGCGACUACCUG,1
AAGGACCUCCUGGAACUGACUUCUUCUGUCAGGAGGACUGG,1
UACGGAGUAGACUCCAGAAGUAGGUCUGGAAGAGUUUCGGG,1
UGGUAUCUGACAACAGAAGCUUAUUUUCCUUAAAUGAAGUU,1
GCAAUGAGUGAAACUCUGUCUCAAAUAAAAAAAUAAAAAUA,1
GGCUUCUCUGACAAGACUCCUGCUCACACUGUCACCAUGGC,1
CUGUCUUCCGUGGUCGGAUGUCCAUGAAGGAGGUCGAUGAG,1
AGGAACCGUAGACUCGCUCAUCUCGCCUGGGUUUGUCCGCA,1
AUCUGCAAAUGUGGAACCCGUAGAUAGGAGGACCAACUGUA,1
CGUCCUCACUGUAGCAGAUAUGGAGCGGAGAGACGUUGACU,1
AAGAUCCUGACUCUGAAGCUUCAAAGUGACACUGUGGAAAU,1
CCAGCAAGUGCAACUUGACCUAACGGGGGCUAGGUGAGACG,1
UGGCAACUGCUCUCAAGAACUGAGAAUGGCUCCACCAGUUC,1
AGGACUGGCCACAUUUUGCCUAGAUAAAGAUGCACUUAGAG,1
AAGCUCGACCUGAAUUGGUUUGGCUGAGCACUUAGGGUAGA,1
UCUGAGAAGGAUGUCUCUGAUAGAAGAGGAAGGAAGCAAAA,1
UUUAGUGGCUUUGAAUGAAAUACAGAUGCAUUAUCCAGAAC,1
GACUCUGAUAUUGAAGUUAAUGGAUCAAGUAGCACCACCUA,1
AGGACGCAAUUCACACCGCCUCGCAACCAAUCCACUUCGAG,1
CCUGUCCCUUGAUGAUGACCUGGGUCGGGAGGUGCACGGCC,1
GGGGUCCGUUUGUCUAUCAUUCAUUGUCUAUCCAUUCUAUU,1
ACGUCUUUGUUGAAAUGCUUUCGGGGCAGAUCAUGCCAAUG,1
CGUUUGGAUCACAACCGAGCUAAAGCUCAAGUAAGAAAAAU,1
GCUGUAAAAUGAGAGGUUGAUCUGGAUCAGGGAUAGUAAAU,1
UCAGGGGAGAUUGUCUACUGUGGGCAGGUAUGGAGAGGCCG,1
GGUCAAAUGCUACGAUGCGGUCACACGAAUUGUCUGGGUCC,1
GUUCCCAGGUCUCAGAACUGUGGCCCAUUCACCCCUUCCCU,1
GCGGAGUCUGUCCUCUGCUCUUCUGCAGUCAGGUCACUGCC,1
AUGGUGGAACUGUCCAAGUCUCAGGAUGAUGAAAUUGGAGA,1
AAGGAGAUGGGAACUCCAGAUGUGCGCAUUGACACCAGGCU,1
GAUGCCGGUGUGACUGAAAGUGGACUAAAUGUGACUCUCAC,1
GAAGAAGUCUGGAUGAAAUUUAGGAAGGAAGACAGUUCAAA,1
CCGCAUCUUCUGGCGGACCGUGCGAGGUAUGCUGCCCCACA,1
AUGUUCUGUGCUUUCGGUCUUGGUUCUGCUCAAAUAUGCCC,1
ACUCAAGGAAAGGAUACAGGUAAUGUACAAUCUGGUACCAA,1
UUUUGACAGGUCUGAAGAACUGUUGCCCAAUUCAACAGUGC,1
GAGACAGACUGCGGAACCGUUCCUUGUUGCCUUCCUUCUGA,1
UGUAGAUGUGGUUUGACUAUUUCUGUAUGUCUCCAUCUAUU,1
CGAACAGCUGCUUGGAGAACUACAAGUGAAGAAAAGAAAGC,1
AUAGGUGAUCUGUUUUAGGAUGGCUUGGAAGAAAAACAACU,1
GUAGGACCUAUCGUCCAGACUCACAGAGUGGGGCUCCAGAA,1
GUAGUGAACAAAUCUGGUAUUCGAGGGAGUUUCGGUUAGGC,1
CUGUGGCCUGUCCCACUGUGUGCACUUGCUGUUUUCCCUGU,1
GGCCUUGCCAGAACUACCACUGGCAAUAAAGUUUUUGGUGC,1
CCGCGAACGCCAAGAGUGACUCAUGAGUUCUUAAAAGUAUU,1
AGAAUGCGCAUGGCACGUUGUAGAAUGGAAGAGCCAUCCGG,1
UCUCUGCCCUGCAGAUAACGUGAAGGACUGGAGCAAGGUCG,1
UACUUGACCUUGAUUUUCAGUUAUUUUAACUUUGAAUUUUU,1
GUGGAAAUCCUUCUGAACGAUGCAGAGAGUAGGAAGCGGGC,1
UCGUGGUAUCUGAUCUUGACUAGAUAGGCUGAAGGCACAUG,1
AAGUUUGGCUCUUCGCGUCUUCCGGCAGGUCCCCCAGCAGA,1
CUCCGUCGAUUGGCGACUCUUCGCACCACGGGCAACAUCAG,1
CGGCGAGCCCUUGGGCCGCGUCUCCUUUGAGGUCGGGCGGG,1
GGGGAUCAGGACUGUGGACCUAGAUGGAAGGGCAGUCUUUC,1
CACUGUUGAGGUUGAUCUCUUCACCUCAGAAGGUCUCUUCA,1
GAUUCGGGAACUGACUGCUGUAGUUCAGAAGAGGUUUGGCU,1
GCGUCGAUGAAGAACGCAGCUAGCUGCGAGAAUUAAUGUGA,1
GCCGGCGGACCGGACGGGUAUCCCCUAGCGGCAGUUGUCCC,1
GAAAUUCUGAAAACUGAAUGUCAAGAAAAGGAGUCAAGAAC,1
AUGCAUUCUGAAGUUGAUUAUAGACGGAAGUGCCAUUAUAU,1
GGGUUGGACCCGAAGACCUUUAAGCCCUUCAUUUGCUCUCU,1
CUUUUGCUUCUCUUCCAUCUUCUCAGAUAAUCUUUCUUCUU,1
GUUGAGACUCUGAAAUCUGAUUUUCUGAGAAUGAUGGGUGG,1
UAAAGGACUCUAGAACAGUUUAUGGAGGAGGUAAGCAUUUA,1
GAGUAGAGGAACUCUGCCCCUUCCCGUUGGAUUCUUUACAG,1
AAAUGCUGGACCUGUAGCUGUAGCUGAGAAGAGCAUUACCC,1
UUCUCAGGUCUGGACUGAUCUUCGUCACACAGGUUUUUUAC,1
AUUCAGGAGCUCCUGAACUCUGCGUGAAGGGCCUUAAUGUC,1
AGAGUGUGAACCUGCUCAUGUCCCCACAAGGUGAGGUCCCU,1
CAGUGAAGAGUCGAACGUGCUCUGCCUCUCCAAGUCCCCCA,1
UGUGUAGAUCUCUGGAUUCAUAGACAGGAAGGCAACAUGGA,1
AAAGUGUGCUCAACUCUUCUUGCAAAGUAAUAGCUACCGAA,1
UACUGGAAUCGUCCAGGGAUUAAAGGGGGAUCAGGAGAACG,1
UUUGGAGAGGUCGUUGACUGUACAAUAAAAAUGGAUCCCAA,1
GCGGGAACUCUACGCCAACGUGGUGCUGGGGUGAGCCUCGC,1
AAAGGAAGGUGAACCACGGAUAGAUAUUAACAUGUCAGGUU,1
UUUUCUGCGUUUUUAUCUGCUAAGCAGACCGGACAGCGGGC,1
GAAUCUGUCAGGGGAAAAAGUCAAGGGGAGCAGGAGGAAGA,1
GUCAGAACUUUGAUGACGAGUGAUGCCAGGAAGCCAGGCCA,1
UGGACUGCAGGCCUCCGACCUGCCUGCCAGCGCCAGCCUGC,1
GUUGUCCAUUGGAGAAACUGUAGAAGAAGUGACUGACUCUG,1
CCGUCUGAAGGUGAACGAACUUCGCGAGGAGCUGCAGCGCC,1
ACACCGUGAUUCUAGUAACCUUAAGAGAGGUGUACGAGCAA,1
CUUUGGUACAGCUACUGAGUUAGUUCAAGAGCACAGGUGCU,1
GUCAACCGGAUCGGUGACUGUGGAGGGCGAGCUGAGCCCUG,1
CUGAGACUGUGAGCACAGACUUUGAUGAGUGUGACAAACUG,1
GGCUGUCAACUAUAAGAUUUUGGAUCGGGAGAACCGAAGGG,1
UCCUGCAGCUAGAUACACUGUCAGAUCCUUUGGCAUCCGGA,1
UGUUCUUAAGACGCUGACUCUAGAAAGGAAGAGACCAUGGG,1
GGUCCAGAAACUCUGGGAGCUUCUAGAAGAAAUCUACUGAG,1
UGGGUAGGAGGACCUGAAAUUGAGGUAGGAUGUUCCACGUG,1
CUGAGGCCAAGAACAGCUCUUGGGGACAUUGGUAACAAAGU,1
AUGCUACUGUCUAGAGCUUGUCUCAAUGGAUCUAGAACUUC,1
UCUCAACUGCAAAAUCUGCAUAGGUAAUUGGAAGUUUUUCU,1
AUUGUAGAAGACAUCCAUUGUGGAUCCAUGAAGGGCACUGG,1
CGGUCAGCGCUGGGAGGCGUUCGACGUGGCGGACGCCAUGA,1
GUGCUUGGCUCUUCCUUCUGUUCUAGUGAGUGUAUGAGACC,1
ACCCCGUCGAACGCGACAUAUGGCGGAUGGUAGGGCGUGUU,1
UGACGUGACGGCACAGUCUUUUGCAGCCUUAGAUGCUAAUG,1
AAGAGGACUCUUCGAGACAUUGAGACCUUCUACAACACCUC,1
CUCGGACAAGGUCUAACAUCUAGAAUGGAUAAAGAGCACAC,1
GCCACUGCCAUGUCUCGUUCUCACUGUUUCCCGGGCCUCGC,1
UGUGGAACCACUUGAACAACUAGAUGAUGAAGAUGGUCUUC,1
GAGGCUGGACAUCGGCCCGCUCCCCACAAUGAAAUAAAGUU,1
UCCUCACUUGGAAGCAACUCUACAGCUAAGUCUAAAGGUAA,1
AGAGCGGUAGCAAUAUAAUGUCGUAGUGAACAUGAGUAAAA,1
AGGUGAGGUCCGUCUGAAUGUCGAAGAGAAGAAGACUCGAG,1
AGGAGGAAUUUGACUCUGACUCAGGCCUUUCCUUAGACUCG,1
UUGCUCUAGCAGAGAGAGACUAAACAUUGUCGUUAGUUUAC,1
UGAGAAGGACGUUCCCAUGGUAGAAAAGAAGAGCAAGAAAC,1
CUUGCCUGCGGGCUUUCUGGUCUCCGGAUGGAGGCGUGGGU,1
CUCAGUCCCCUCUGUAGAGUUAGAUCAGAAGACACAGAAAG,1
UCAAGGACUACCAGCAGAAGUACGUGGCUGGGGGCUGGGCG,1
UAUCAUGUAUCUUCCCAUCUUUCUGAGUUCCAUUUCCCCUU,1
GUGGUGUGUGGUGUCGUCUGUGAAUGCUAAGUCCAUCACCC,1
GAACAGCAGACUCUGUCCAUUGCAAAGGUGAGUCGCCUUCU,1
UCGAUCUGGACUGAUCAGAGUCAGGUACUGCUCAGGUUACU,1
GUCUGUAUGGACUUUAACAUUAUUCGGAAAGACUCACUCCC,1
UAAGACAAGAGCUGAAUAAGUAGAUGGAAGCUGUACCAAGU,1
UAAAUUUCAGCAAGCCGUGUUAGAUGGGGAGCGUGGAACGU,1
CAAUUUUUUGAGGCCUUGCUUUGGCAAGGCUAUAUGUGGUA,1
CCUGGUACAAGAUCACUGACUCUGAGGACAAGGUGAGAAGC,1
UUCUGUAGAAGCUCAGGAAUUAUGAUUAAUCACCAUCUGCC,1
ACUGAAGCUGAUGAUGAGUUUGUAUAAUUAAGCAGGAUUAC,1
GAGUGUGAGUCUGAAACCAAUUUUUUGAGGCCUUGCGUUUC,1
GUUGGCAUUCUGGCCCUGGUUCAUGCCAACUCUUGUGUUGA,1
GGCACCACUAUCGGCUGGCCUGCGGGGUCGCCGGCGGUGGC,1
GUCGUGUAUUUCCUGGCUCCUCCUCAGGGUCCGCUGCUAGC,1
CAAGUGCGGAUCGGGUAACGUAAAAGCUCGAUGAUUUCCGC,1
CAAAGGCUGCGAGGUUGUGGUGUCUGGGAAACUCCGAGGAC,1
UCUGCUCGAAGACUGGAGAGUGGAUUGGAAGGGCAAGACGA,1
UCCACCGAUACGUGGAGCUCUUAGACAAAUACUUUGGCAGU,1
UCUAAGGAACUGCACGGAGAUUCACAAUUGCGAGCUGUGCG,1
CGUUGGCUGACUCUGUUUUAUAGAUCGGUGAGAUUAGCUCG,1
AUUUGCCUCUGAGAACGAUCUCCCAGAAUGGAAGGAGCGAG,1
GGGAACCGUACUCUGGUAGCUCGAUUCUCCUGCCUUUGCUU,1
CACCAGACCUCUUCCGACCAUGUCACAACCCUACACACGAG,1
AGGAGGAGAUCAUCAAGACUUUAUCCAAGGAGGAAGAGACC,1
GACCUGGUAUUGCCAUUGCUUCACUGUUGGCUUUGACCAGG,1
CAGAUGGAGUCGGAUAACUGUUCAGGAGGAGAUGAUGACUG,1
UGGUGACCUGGAAGAAGAACUCAAGAAUGUUACUAACAAUC,1
GUUGAGGUUAUUGUAGACGUUAGAUUGCGGGCACCGCCAGG,1
CUUAGAUCUGAAGAAGACACUUGAAUCAUGGGUGACGUUAA,1
UGGGGACUUUGAGAACCCAGUCCCAUACACUGGGGCAGUUA,1
CUAUUAGAUGUCGUUCUAGUUCAAGCUCAUCCUCGGACGAU,1
CGUGCCCGGGUAGCUCUGACUGGGCUGACUGUGGCUGAAUA,1
UGGGUCGGACAACUGUUCACUAGCCGAUGAAGAGCAGACAC,1
UAACUAUGAAAGAAAACUAUUCUGAGCAACCCUUUCACCUG,1
CUUCCCGGAGUCGGGUUGCUUGGGAAUGCAGCCCAAAGCGG,1
UGUAGGUCUUUGAAACACUUUAGAUGAAGAGAUCACAGGCU,1
UCCCUGACCAGUGACCAGGCUGAGGCCCGCAGGUCUAAGAC,1
UUAAGGAUUAGCGGAAAGUCUACUGCUAUUAAGUCAGAACU,1
CGUCCGACUAUGGGGGAGCAUGAGUGGUGGGCGUGGUUCUU,1
GGCAGCCGCUUUCCGCUUUUUUUACUAAUCCCUGUUAGCCG,1
UAUUUUCAACAUCUAUUUAGUGAUCAUGAAGUUCCAGAACC,1
UCAGGCCCUGAACAUCGUCCUACUUGAGAAUCUGUCAGGGG,1
UGUAUCACGUGUGCUUUGUAUCUUAAGAUGUGUUUCCAAGA,1
GUACAGCUCGGAACAGCUGCUCAUUGAGGAGUGUUGAACUU,1
GAACCGUGGACCCCUGAAACUGGUCUGGUGACAGAUGCCUU,1
CACAGAAGUCUGUGAUGAACUAAUGAGCAGACAUAACAUCU,1
GCCUUCGUCGAGAGUGCCCUUCUGAUGAAUGUGGUGCUGGG,1
UCGAAGACUCAACGAAAGACUCCAACCGUUAUUCAUAAACA,1
GACAGCAGAGCAGAUGGAUGUAGAUCAGCAGGAGCACAGUG,1
AGCUCGCGAAUAAAUACUCUUCGCCUCGACGCGAACAUCCG,1
CUGAAGAGGAUGAAGAUGACUUUGAUGAUACCCUUGUUGCU,1
GCAUCGGGGAGACCGUCACGUCCCCACCGCUACGAUCAGAC,1
AUCGUGUCACUUAAUUAAAAUAAUAUGUGUCUAGGCGAUGC,1
CGGAAUGGAAUACCAGUUCUUCCUUAUGACCUCGACCAGCU,1
GAAAAGCUGGAGGAUGACGAUAAGUCGGAAGAGUCUUCCCA,1
CUCUGUGGGAAAGAAACUGUUAACACAAACACCUCUUUCUU,1
GUUUGCGCACUCUGAUCAACUGGAACCUCUGUAUCAUGCGG,1
GAAAGAGGUUGUCCCCGUGUUUGGAGGGUCCACCCUAUCCC,1
GGACUUGGAGUUCCAGCAGUUGGAGCGGGAGAGCCGCGUGG,1
AGGAAGUCGUUCCUCAACUCUCCCCAAGGCACCUGUCUCCA,1
AAGUGGAAUAUUUCCUGAAGUGGAAGGGAUUUACAGAGUAA,1
ACUGAAUGUUACCAGCAUUCUUGAUCGAGAAGAAACACCAU,1
AAGGGACGGCUGAACAGACUUCCCGCUGCUGGUGUGGGUGA,1
CCAGGUCGUUUGGGCUGGAGUAGGCGGAGGAACGCACCGCG,1
GAAGCCGGAGAGAAGCUCAGUAGAAUCGGGAAGGCGCUGGG,1
GGUGGAUGUAGGACCUGGGUUAGACAUGAGGAAACUGAGGC,1
UACUUUGGAUCUAUCACCUGUCAUCAUAACUGGCUUCUGUU,1
GAGAUGGAUGGAACAGAAAAUAAAUCUAAAUUUGGUGCAAA,1
CCUGAGGUUCUGUGGUCGGAUGGUGACGGAGGAGCACCGGA,1
UUGCUGAAUGAAGAGCUGAAUAGAUGAGUGAUGAGCCCUGG,1
AUCUAGUUCUGUAGAAGACAUUAAAGCAAAAAUGCAAGCAA,1
AGCAGUGCAAUAGAGAGGUUUUCGCAUGACCCGACCAAGGU,1
GUUUGCCUGCAAUGGUACUGUAAUUGAGCAUCCGGAAUAUG,1
UUUCCUCCCCCUAGAUCGGCUGGAGCUGGAAGCGGCGCAGA,1
AAAUGUUGUCUGACUUACUGUUUCAACAAACCAGAAGACAA,1
GGCAGGAUUUGUAGUCAGUAUAGUUGGGAGGCACCAUGGAG,1
UUAAUAGGGAAUGGGUACUGUUCAAAAAGGAAUGCCCCACA,1
CAAGAACCUGGACAAAUCUAUAGAUAACAAGGCACUUUAUG,1
CUCUUGGUGGAAAUGUUUUGUUGUUGUUGUUGGUUUUUUCC,1
UAUGGCUGAGAUCGAGAAAUUCGAUAAGUCGAAACUGAAGA,1
UGUGACUGAGACUGGGAAUAUAGAGGGAAGAGCCAGCUUGG,1
UGUGUCCUCAGAUCGAGGACUGUGUGGUGCUAUUCAUUCCU,1
UAUGUUCCAUUCCUCGACACUUGCGCAAACGGCGUCGCGGA,1
UGAGCUUAGCUCUUAUAUCUUUGUACCUUACAGAGAGUCCU,1
UGGCGAGGAACUCCUGAAGUUAGCUCAGAAGUGCACAGGAG,1
AUGUCUGCUUCCUGGAGAGCUGCGAAUGGCUCAGUAAGAGG,1
UGUCGCAACGUAAAAAUCUUUCAAUCCUAACUUAGAAUGUU,1
GCUGGUCAUGAUGUCAAAACUAAGUUCUGACUCAUUUAGGG,1
ACUGGCGCCAUCGCCGGGACUCCAGAACCGCAGAAGCCUCC,1
CAUCGGGACUGUGAGCAAGCUGAGAACUGGAUGGCUGCCCG,1
UGGUCGUCCAGGCCCAGCGAUAGAUCAGGAGGCAUCAUUGA,1
CAGAAGGUUGACGAAAAUUCUUACUGAGCAAGAAAUAACCU,1
CAACUGUAUCCCUGGUUCACUGGUUAGGAAGAGUACAUAGU,1
CCUGACGUGCAAAUCGGUCGUCCGACCUGGGUAUAGGGGCG,1
GACUUGGCUGCAAGAAACUGUAUGUAAGUAUCAGAAUCUCU,1
ACUGUCUGAGCCUGACCUUGUAGAAUGGAGGCAAAAAAACU,1
CUGUCAGACUCUGUUCUACAUAGAUGGAGAUAACGUGUGCA,1
AUCCUUUUAGAUGCCAAGAUUCGCAUUUUUGACCUGGGGCG,1
UUUUUCUUAAGUAAUCUAUUUAGAUCGGGCUGACUGUACAA,1
UGCCAACGGCAUCCUGAACGUCACGGCCACGGACAAGAGCA,1
GUGGCAAACACAUUGGUGUGUUGCAAUGCGGCUCACGGAAG,1
GCUCUGGCAUUGCCUGAGGAUAGAUGAGAAAGCACAUAUCC,1
CGGAAAAGCUAGAAGCUCUCUCGGUGAAGGAGGAGACCAAG,1
AAAAACACUGGAAGAAGAUGUAGAUGACAGAGGUGAAGUUA,1
GGAUCUGGCUGCGCUAUGACUCCCGGAGCGGCACCCACAAC,1
ACCUGGUAGACCCAAGGACUUGGGUGGAUCAGGACACCUGA,1
CUGGAUGGUCGUCAGAUCCGUGUGGAUCAUGCAGGCAAGUC,1
UGACUUAGUUUUCUUUUUACUUGCCGGACUACCAAGUACGG,1
AGGUCUAGGAAAAUCGACUCUCAUAAACAGCCUAUUCCUAA,1
UCAAGGAUGGAACAAGACCAUGGAUGGGAAGGCAGAUGUAU,1
UGCCAUCUGAACGUUAUGUUUCCGGUAGUUAGCUAAUUUUU,1
GUGGUACUGGAAAAACGACCUUCGUGAAACGUCAUUUGACU,1
GUAGGGGACUGCGUUCGCGCUUUCCCCUGGUGCUUCUGUGG,1
AUCUUCCAGCCAAAGUUGUCUAUGGUCUAGCUUGUAGUUAA,1
CACUGAUGUCUCCAUGUCUCUGAGCAAUGCCUGAUGGGGAG,1
CCAGAUGGUGUUCAGUCGGUUUGUAUCGAGCACCAAUGGCU,1
AUCCUGCCUGCCCCAGAACUUCAUCACAGCUGAGGAGCUGC,1
GCUGGCCUAGACCUGAACUCUUCAGAUAAUCAGAGUGGAGG,1
GGCUCGGAUCUGUGAACCAAUAGACGGAAUUGAUGCUGUCC,1
GAUCCGUGCCCAUGCCUGGUUCAUGCCUUGGACACAUAGGU,1
UGUUUUGGUUUCUCCCACAGUAUUCUGAAAAGGAGGACAAA,1
UGAAUCUGAUUAAAGUUCUAUACAUUGUAACUCGUACCGAC,1
UCGACGUGUUCGAUGGAAACUCAGGGAAGAUGAUGUGUCAG,1
CCUUGGUUUUUACUCCAGACUUCUUUUAUUGGUGCCAUCGC,1
UGGAUCAAAGGCUCCCAGCAUAGAUGGGAAGGAAGAAUUAG,1
AGCUGGCGUGCUGGACGAAUUCGGAAACACCUUGGUCUUAC,1
UGUGUCUAGACUCUGACAGCUCUGAGGAUGAUGAAGCUCCU,1
UGGAUUGGAUGAAUUCCAAAUUCUGCUUGCUUGCUUUUUAA,1
UGUAGGACUGAACGUCUUGCUCGAGAUGUGAUGAAGGAGAU,1
AGUUCUUGGAUGACUCUGACUCUCAUUUAGAAAUCCAAAAG,1
GCCGGCGACGUAUGACGGAGUGAGAGAAAGGACUGAUCAUA,1
UGUGUAAACUCAUGAGCAACUGCAUCUGUAGAUCUGUCAUU,1
AUCUUAGGAAUCUCAGGCUCUUUAGAUGCUAGAACAGUCGC,1
AACAGCACUCAGCUGGAGCAUUGGUGGUUCAGUGGUAGAAU,1
GAGCUGAAGGACUCUUGCCGUAGAUUAAGCCAGUCAGUUGC,1
GAUGGACCUAGAAGUCUGCUUUUGUACCUGCUGGGCCCCAA,1
GCUACUAUAUUUAGAAAUACUAUUUAGCGGGUCGAGCUGUA,1
ACUGACAGAAUAUCUUGCUUUGGGUCGGGGAGCUGCCCUCA,1
GCCCUUCCCGCUACCGGGACUGUCGGCAUCCUAGCCCUACA,1
CAUGGACGUGUAUGACGAGGUGGAUCGAAGAGAAAAUGAUG,1
AUCCAUUUUCUAAGAAAGAUUGGUAUGAUGUGAAAGCACCU,1
GAGGGACAAGACCCUGAAGAUCUGUGCCAACCACUACAGUA,1
GGACCAGGGGAAUCCGACUGUUUAAUUAAAACAAAGCAUCG,1
CAUGAGCCUCUCUGAGCUUGUUUGUUGCUGAAAUGCUACUU,1
UAUUGGCAGCAGUAGGAAAUUGGCAGAAGUGUUGGGUUGUG,1
UCUUUGACAGGGAAGGAGACUUGGUCUGAAAGAUGCCACAU,1
UGGUUAAACGUAACUAGGCUUUACAGGCGGGAUACAGUCAU,1
AAACUGGAAAAUGUAAAACUUAGAUCAUGAAGGGCAUAAAA,1
AUGGAUUUCUGACUGGAAUCUCACCACUGAAAAAAAGCACA,1
AGCCGGAUCUUGAAGACUCGUGGGGAAAUGGUGAAGAACCG,1
CCCAUCGCAAUACGUCAUCGUGUGCAGCUGGUGCCUGGUUC,1
GUGUAGAAACAUGCUUGCCUUAUGUAUCAGAGGACAUGCUC,1
GGCAGAAGCUCUCAAGUUCAUUGAUCGUAAGAGCUCUCUCC,1
GUGUCAGGCUUUCUCUGAUGUAAUUCUUGCAGUAAAUGAUG,1
CACUCUUUCUAGCUGCAAGCUUUCUUCCUGGUGGCAGAUGA,1
GUACUGACAUAGGGCGGACAUUCGGAUCAAUGCAAAUUGGU,1
AUUCUUACAGCCAGGCCUGUUGCUUGUGACAAUUUGCGCUA,1
UCUCUCUCUUGCAGGUCGUGUUUUCGCCUGGGGCAUGGGCA,1
GAUGGGAACCAAACCCUGACUUUAGCUUUAGUCUGGCAGCU,1
CGGGGGAAUGCUGGGGAUUGUCUGGCUAACCCAGCUGUUCC,1
AUGAUAGAAACUACAGUUAAUCCUGGGAUGAAGCUUCGUUU,1
AACUGUGCCUUGUGGAAUUUUUGCAGAAGUGUUUAUGCUUU,1
UAAGCUAGAGUUAGCAUUUUUAUCCAAGAGUCGAUGCCAAG,1
CUCCUUCCCAGGACUGUUUCUCCAUCAGCGACUGCCCGGUG,1
UUCUCAGAGCUCUCUGUGACUACAAACAAGAUCAGGUGUGU,1
UUUAAGAGCUGUGGAGUUCUUAAAUAUCAACCAUGGCACUU,1
AAAGAGAGUUCGAGUCUGUCUGAAACCACAUUUACCCUGAC,1
GAGCUGACAGACGACAGCUUUGAUAAGAAUGUUCUGGACAG,1
UCAGGUUUUGUUCUUCCAGGUUGAUCCAAUGCUCACCCCAG,1
AGAGAUUGCUCUGAAAAUUCUGCAUCGGAAGAUACAUGUCA,1
AGGCGAGACAGCUCUGGACAUAGCCAGGAAGAAGCACCACA,1
AGGAAUUGAAUGCUGAAUAAUAUAUCGGGAUGUGCACAUGU,1
AAGGAAUUCAGGCUGGAAAGUAAGUGGUCCCCCACAAGGAA,1
GGCUGCUCUGAAAAGCCAUCUUUGCAUUGUUCCUCAUCCGC,1
CUACACACUGAGGACUCUGUUCCUCCCCUUUCCGCCUAGGG,1
ACAACGACUGGCUGGACGUGUGCCGCUGAUUGGCUUUGCUG,1
UGAUGUCGAGCUGGGCGAUUUAUAAAGAUUUAUAUCAUCGU,1
GUACGACCUAUAUCAGCAACUAUCAAUCCCUCGAUGGACGC,1
AGCGGCGGAGACACUAGCACUAUGUCGGAGGAGCAGUUCGG,1
UCGAGAACGACGAGGACGCGUUGCUGCGGCGUCUGCGAGGC,1
AAAAAGGUAACCGGAUACAGUAUUAACAUUCUGAAUGAGGA,1
GUGUGUUGGCUGCUCCACUGUCCUCUGCCAGCCUACAGGAG,1
AACCAAAAUCCAGGCACAGAUAGAUCGAUUUCCUAUCGGAG,1
UUGUACUCGUAAAACAAGGAUCAUCGAUGUUGUCUACAAUG,1
UCGGAUCUGAACACUGGUCUUGGUGGUCGUAAAAGGAGGAA,1
GGAUGGCAUGAACAUUUCCUUAGAUCGUGGUCAGCUCCGAG,1
UAGCCGUACUCUGACAGCUGUGCACGAUGCCAUCCUUGAGG,1
CGAGUUGUUUUUCUUGGCUGUAGAUGGAAGAGGCCGCUGUU,1
CGUUCCUGGAGGUACUGCAAUACCAGGUCGAUGCAUGGAGU,1
AACUCAGGACGUCAAAUAUAUAGAAAUGAAGAGGGUUGCAG,1
UCCCAGGACAAGACCCUGACUGUGAGUCUCAGGAAGGGAGG,1
GUCUUGAACUCUUGACCUCGUGAUCUGCCCGCCUUGGCCUC,1
UCAGGAGCUCAGAACUCAUCUACUCGGGGGAGCUGACUCGA,1
CUGGCUCUGGACAAGUCAGAUUCCCACCCCUCUGACGCUCU,1
UCUGCGGUGACCCUAUGCAUUCCUUCAGUGCUUGCUAGAAC,1
CUCUGUAAAGAACAUGAAUGUAAUAUAGAUGAGGUAAUUUA,1
UUGUCUGUGUUGUAAAGCUCUUUGGCUGAGAUGGAUGACAA,1
CUCCUUUGCUCUUCCUUCCUUCUUUUUCUCUACAAAGCCCU,1
UUAACGACCUCGAUGUUGGAUCAGGACAUCCCAAUGGUGCA,1
AAAAACCAAGUGGUUUUGACUUUUUCUGUUGAAUGAACAAC,1
AAGGUGGUGGUCGUACGCUGUGAAGGCAUCAACAUUUCUGG,1
AACCGCUACUGGCUGUGUGCUGCCACAGGCCCCAGCAUCAA,1
AGUGACUAAUUCCUUGGGUUUUUGUGGAGUUUCAGCGAAUA,1
UCAUGCGGCCAAAGAGUAACUUGGGAUCAUAGUACUGGUCU,1
GAUGACUAUGGCAAAUGUUCUAGAUUGAAGAGUACUUGUAU,1
AACACAGUUGGUCCGAGUGUUGUGGGUUAUUGUUAAGUUGA,1
UGAAGACACUGAGAUCCAACUCUGAUCUUGCCCUAAACAUC,1
GGAUCCACAGCGAUUAAAUAUGCGCGAGAAAAGAUAAUAGU,1
CCUCAGGAACGUACCCUGACUUUGGUAGACACAGGCAUUGG,1
CAUGUGUGUCUCCUGUCGACUCUGCAGUUUGUUCUCAGAGC,1
GUCAGGAUGAUCGUGACAAGUUUUUGGGACGAGUUAUGUUC,1
CCGUGUUGCAGAUCCGGCACUCCACCCAGAGCCUCUUUGAG,1
UGAGUCUUGAGACUGAAAGAUUUAGCCAUAAUGUAAACUGC,1
CCAGUGAAUGGUGGACUGAGUGGUGCGAGGUGGAGGGCUAA,1
AAGAUGAAUCUAGUUCCAAAUUGAUCCGUGUUUAGGUAGAA,1
GGGACCGGGCCCUCGGCCUCUAGAUUAGGAAGGCAAUAGAU,1
CUUUUGAGGACUAUGUGCAGUCCAUGGAUGUGGCUGCUUUC,1
CUGCUCCACAGAACCUACUGUAGGUGGAAGAGCAAGAGUCC,1
GUUUCGAGCGUCAACGGAAUUUAUGUAAAACUUAAAGUCCG,1
AGCUCUUGUCGCGGAUCCCGUCCGCCGUUUCCAGCCCCCAG,1
CUGCAAGAGGGUUAAAAGUGUAGAUUGGAUUUCACCCCUGG,1
GGUGCGACUGAUGUUGACUUUGACUCCAGUCGUGUGUAUGC,1
UGCCAGGCUCUUCAGGAAGGUAGACUUGGAAGGCACACCUC,1
CUGCUGAAAGAAAAGCCGUGUUAAUCAUUUUUGAUUUUGCC,1
GUGAGCUGUGCUUCCGAUCUUGAGGUUCUGUACCUGGCAGC,1
AUGGAUUUCUGAAUUCAGCUUAGACAGUAGAGAGCACCCUA,1
CGCAUGCUUGCCCCAAAGAUUCAGACCAGCGAAACCUCACC,1
CUGAAUGAUCUUCCUGUGGGUAGAUCAGUGGAUGAGACACU,1
GCUAGCGUAUUUGAGAAUAGUUAUAAGUAGCUUGCUAUGUU,1
GAUUCUGGCUCUCAGGAUCUUUGUAGGACACAAGGCUCAGC,1
GCGGUGGCCAUGUCGUCCAAUGUAUGGAAAGCAUAUGGUAA,1
AGCCCAUGCGCCCCGACGUCUGGGUUUGGCGACCGCGGCGU,1
GGCAGAUGAACUUGCUCUUGUUGAUGUCAUCGAAGACAAAU,1
UGUUUUCUUCUGGUACGAUUUGGUUUGGAAGAGCCUCUUGU,1
AACCAAGGACAUUGAGGACGUGUUCUACAAAUACGGCGCUA,1
ACCGCCAAUGCUUCCAGUCUUCUUGGAACUCUACUGCUGAC,1
CUUUAGGAACUGAUGACGCUUGAUAAUGUGGCUGGGGACUU,1
GGACCCUGUGCGACUCUAGAUAGAUCGUUCUUAACACGCAU,1
AGGGUGCCGACUAGCUCGCCUAUCAUGAAGUUAUCAUAGAA,1
UGGACGAUGUAAAGCAAUUAUAGAUCACUUUGGUCAAAGAA,1
AGCACCCAGGGUCGGACCUGUGGGCCAGAGCAUAGCAAGGG,1
GGUGAGAAAAACCCUUGAAGUGAGUUUACACGAAGAUAGGA,1
GUUCAAGAACUGGACUGUUGUGAAGAAGUCAGCUCUUAUCU,1
GAAGAUUAAUUGUUUUUUUUUAGGCGAUGGGGAAGGGAAAC,1
UAUUCCCGCGGUCGGCAGCAUGGGUCGGGAGUCACGGUGAG,1
UUAUUGGCUUGACUCAGGAUUUAAAAACUGGAAUGGUGAAG,1
UGCUCGACACCUCAAACUCUUUGUGAGUAUGUGGGGAGGGG,1
UUGUGGACGUUGCUACUCACUAGCUUGGGUGGGUGUCUGGG,1
GAUUCUCGAGACAAAGAACGUCAGUUACAGAAGGAGAAGAA,1
CUUCGUGCUUAUCUGAAAUCUAAAGGAGCUGAGAUUUCAGA,1
ACUGGCUACUUUUGGGGACUUAGGAGGAAGAGAACAGAUUU,1
GUCGCCACCCGAUGGAAGAUUCGAUGGACAUGGACAUGAGC,1
GUGCCCUGUGGCUCUGACUCUACCAACAGCCAGGCUGUGGG,1
UGAAGAACUGGGUGAUCUUGUGAAAUCUGUGGACCCUACAU,1
CGGCGUGCUCUUCCUGGGCUUCCCAAGUCCAGGCUCGGCCG,1
CGUCCAGAUCGGUGACAUCGUCACAGUGGGCGAGUGCCGGC,1
GGAGUGUGCUGGACUUUGACUUUGAGAAACUGUGUUCUAUC,1
UGUCAGACUGCAACAUCUAUUAGAAAGGCAAGGCAACUGGG,1
AUUGUAAGACUGUGGGCCGUUAGAGUGAGAAGGGCCUGAGA,1
AAAGUUUAUAGAAAAAGAACUGCAAAUGGCUCUUCCAUAUA,1
AUAUGUUGCGUCCCACAAAAUAGAGAAGGAAGAGCAAGAAA,1
GGUUUGCUGAUUGACCAGAUUCAGAGAGAUUUGUAAGUAUG,1
UGUAACCGACAAAGACACCUUCGAAUUAAGCACAUUCCUCG,1
UCGGUCCAUGACUCUGGAGAUCCGAGAAGGAAGGUGCGUGU,1
AAUUGAAAAUGGGCAUGAACUGUGAAUGGCUCGAGAUUUUG,1
UGUAGCACCUGGACAAACAGUAAAUGAGAAGACACAUUGUU,1
GCUGGACGAGAACAGCAUGCUGAUCCCCAUCGCUGUGGGUG,1
UAACCGAAUUUUGCAGCUCGUGGCUUAAAGCCCCACGUGGC,1
GUGAAACGUCAUUUGACUGGUGAAUUUGAGAAGAAGUAUGU,1
ACCUGUGACAUUCUGGACUAUUUCUGUGUUUAUUUGUGGCC,1
UUUAAAGGAACUCUGCGACCUUCAAGUCGUUUGAGGACCGA,1
AGGAUGAAGGAGAAGAUGACUAAAUAGAACACUGAUGGAUU,1
CACGCUGGAAUGAAUUCAGAUAGCAGUGAAGGGCACACGUG,1
AACUCUCUGAAGCUGGAGAUUGAGCAGAUGAAACGGCCCCU,1
GCCAGCUGCUCGGAAAGCUCUGGACAGAUGCAGUGAAGGCU,1
GUGUGUGUACGAGCUCAUGGUAAGUGUGACUUUUCUUACUU,1
AGAGGACGUGGAAUGGGACGUGGAAACAUCUUUCAAAAGCG,1
ACACUCUGAAGACAUGAAAGUAGACAUCGGAAAAUGAAAAU,1
GAUUGUGACACUCAAAAACAUAGAUUAGAGAGCAUAAGAUU,1
UUAGUUGGUGGAGCGAUUUGUCUGGUUAAUUCCGAUAACGA,1
CAUCUUAGCGGAAGCUGAUCUCCAAUGCUCUUCAGUAGGGU,1
GGAACUUCUAGAACUCCGAGUCAGUUACUAUGAGAAUGUGA,1
GUGAGUGUUGAGACUCUGGGUCUGAGUGAAGCUGAGGGUAG,1
CUUUUGUGAGGAGGUCUGACUUGCUGAGGCUCAGCUGUUUA,1
UUUUGGUAUAUACUCAUGGUUAGAUCGAAGUGAUGCCUGCU,1
GGGCCGUGCUCUUCGGCUGUUUCGUCAUCACUGGCUUCUCC,1
AUGAAGGUCUUAAUUAGCUCUAACUGACUAAAGGCAUUUGU,1
GGGGCUGAAGCCCUGCUAGAUAGACACCAAGAGCACAAGGU,1
GUGUAAGUGCUUCGAGAUCUUUGGAGGAAUAUUCUGGGUUC,1
UUUCUGGGCUCGGACCUAGGUCGCGGCGACAUGGUGAGUGU,1
GCGUGUGGCUCUGUCCCCUGUCACUGAGAAUAGCACCAGUC,1
UCGGGAAGAAACCAUUACAAUAGAUCGAGCCUGCAGACAAG,1
CCUUUACGGACACUGAACGGUUGAUCGGUGAUGCCGCAAAG,1
GCCGACGGCGUGAAUCUCCUUGAUUAUGGUUAUCAUCGUGU,1
CGAUUAGAACCCCAGAGAACUCCUAACGCAGUGAAGGCCGG,1
CCGAACCUCAGGUGGACCUCUCCAAGGACAUUCAGCACUGG,1
UAGAGAAGUUUCUCUGAACGUGUAGAGCACCGAAAACCCCG,1
GCCUCCCUUCCUCACAGGACUCCAAGAUCAAGUUCCCGCUG,1
UAUAUGUAUAGAAUUAGAAGUAUAUAGACGAGGAGAGAGAC,1
CCGCGGGUGCUUUCCAGCUCUUUUACUGCUGAAGUUCAGCU,1
GGGAGGUCAUGCCUGAUCUGUACUUCUACAGAGAUCCUGAA,1
UUGUUGCUCUGGAUCGAAGUUUUCACAUUGGCUGUUACAAG,1
GCAGGGACAAAUGGCGAGACUACCACCCAAGGUGAGAACUG,1
UGCUUGGGACAUGCAGGACUUGUAUAUGAGUAUACAUUGGU,1
CGAGCCGGAUUAUUCGCAUUUGCGGCUCAGCUCACUCAGAU,1
CACUCUAAACAGGCCAAACGUACCAAGAAAGUCGGGAUCGU,1
UCACCAACAGGCUGAAGAACUGAAACUGGCCACCCAGCUGA,1
ACCUGGAAUUCGAAUUCUGUUUCCCUUGUAAAAUAUUUGUC,1
UCAAGGACUGCAAGAAGCUCUAGAUCGGGCUGAUCUACUGA,1
UCGGUAACGUCAUCUGGAGCUUGCUUGCGCUUCGAGCCUUA,1
CCCCGAAUGGGUGGAUACCGUCAAGCUGGCCAAGCACAAAG,1
CGAGAAGGCUGUGCCUCGCGUGAGGAACCUGGUGGAGGCCG,1
AUUCUAACUGUUUGACGGACUUAUCUUGGAUCAGCGUUUUU,1
CCCAGGGCUGUUCCGUCUGAUAGAUGGAAGGGUAACAUUGC,1
UGUUCGCGGAUAUAGUACGCUGGCCGGAACUGAGUAGCUCC,1
CUCGCGGAGUGCUGAAAGUUUUCCUGGAAAAUGUAAUCCGC,1
CUUCAUCGUCUUUCCGAUCUUCCGACAAGCCCAUCCGGACC,1
CUGGCUGUUGCGGGUGGAGCUGGAUCGGAAGCACAUGACUG,1
AAUUCCGAUCCAGGAUGAAUUUCCUGAAGAAACAAAUCCCU,1
UGUGGGACUGCAUGCUACUGUCUAGAGCUUGUCUCAAUGGA,1
UCUUUUCCUUUAGGGGAUCUUGAAUACACAGCUCAGCAGCC,1
ACUGUGUGGCUGGACUGUACUCUGCUGCCCGGGUAGCCAGG,1
GGGACCAGUGACCCUGAAUAUAGAUCAUUCCAUAAAGACCA,1
CUCAACCCUAACGGCUCUUUUAAGAGCCACCCAUGUUCUCA,1
AACAAGAACACAUGAUAAAUUGGGUGGAGAAGCACGUGGUG,1
CUAGUAGGCUUUCUGGCUUUUUACCGGAAAGCCCCUCUUAU,1
GUGUAAUGAGCACUGUGGAAUGGAACAAAAAAGAGGAGCUU,1
CGUCUCUGCGUAAUCAGGACUUGCAACACCCUGAUUGCUCC,1
CCUUUGUCCGAAGAAACUGUUCCUCCAUUAUUUGAAUUACU,1
GAAAGGAAGAUCCCUGGAACUCCAUCACAAGUGGUGCCUUA,1
GGGUACCGGGCUCUGUGAGCUAGAUCGGUUGCUUCAGGAAC,1
AAAGUCCGCCAUCAGAAGACUGAAGGAGUUGAAAGACCAGU,1
AGACACUCAAAAUGAACCCUUAGAUAUGAAAGAGCCCGAUG,1
CCCUGUCUUCCAGCAGGCUCUCCCCGGAGGCUCAGCCCCCU,1
GGAAGGGCAUCACGCACUACUACAUCGAGAGCACAGGUGCG,1
CUGGGCUGUUUCAGAACUUUUAGAUUGGAAGUCGAGAGCGG,1
CAGACCCCGCCUGCAGAAGAUCAUGCACACCCGGAAGCGGC,1
ACCUGCAGCUCUGCCUUUGCUGGCUGGGAGGUGCACACGCG,1
UUGUCCUGGCUGGACGCUACUCCGGACGCAAAGCUGUCAUC,1
GGUCUGGACAACAAGCUCCGUGAAGACCUGGAGCGACUGAA,1
GGAGCGCGGACCUGGACAAGUGCAUGGACUGCGCGUCUUGC,1
UGUCAAAGCCCUGGACGAUCUGCACAAGAUGAACCACGUGA,1
CCACUUCCCGUCUCAGAAUCUAAACGUGGUCACCUUCGAGU,1
AUUGAAGAACGAGAACGGCGUAGAGAGGAAGAGAGAAGACU,1
AGUUUGGCCGCACUGAAGACUUAUGGCAGUGAACACAUCUG,1
CGCUGGCGUGGAGCCGGGCGUGGAAUGCGAGUGCCUAGUGG,1
GGAGGAGCUCUUUGACUUCUUGCAUGCGAGGGACCAUUGCG,1
GCAUCCGAGCAGGGUACAUCUUCGCCUUAUGGUUAUUUGCG,1
GCUGCGCCUGGACUCACGACUCUGGCCCAAGAUCCAGGGGC,1
GCAAGUUUGGCCAGACUGACUUCAAAAAAUUAAUGUGUAUC,1
UGUAGAGAACCUUCAUGGUAUAGUUGGAAGAGCCAAGGGUU,1
UGUGUGACACUGAGCAGCCCUAGACAGGAAUUGGGGCACAC,1
GGCCAGGCCGCUCUGGACCGUCUCAAGGUGUUUGACGGCAU,1
UUAAAGGUCCAUCUGAACUGUUUACUGUUUGUUCAUCGAUU,1
CGAUGCGGCGCGCCUUGGCUUGCCGGGCCUUACGUCUGCGG,1
GCAAGCAACAGUAGUCGCUGUUGGAUCGGGUUCUAAAGGAA,1
CUGUUGAUGCUUUGAUUGACUCCAUGAGCUUGGCAAAGAAA,1
GAAACCUUAUUCUUGCCCCGUUAUUUAGGCCGCGCGCUCGC,1
UGAGGAGGACUUGCAGACACUGGAUCGGGAGAGGGCUACAU,1
ACAGAGUCUAGACCCACCAAUAGAGGAAGAGCAUCAGCUGA,1
GAGUACACUGUGUCUCUAUGUGAAUAUGGACAGUUAGCAUU,1
UAGAAAUUCUUGAUAUAUUCUAGAUGGAAGACCAUUGUUGC,1
UGGAAGGAAUGAAGACUCAGUAUAGGUAAUUGUUUCUGUAA,1
GAGGAUGAUGAGGACAAAGAUGAGGAUGAGGAGGAUGAGGA,1
UGAGGGAUUCUUAAGGACUCUGGUCGGCUCCGUCCAUUGGU,1
GCUGGUGUCUCUCUGAAGACUCUGCACCCAGAUUUAGGGAC,1
GAUAGAACCUGGACUGCUUUUUGAGAUAAUAGAGGUAUGCA,1
GCAGAAUCUUGGAUUUAGACUAACUCGGAAGAGCUCAAAGG,1
GUGGCCUCACCGGUGCUGAAUAGAGAGGAAGAGCCACCUUC,1
CUUUGACCAGAACCUGAAGCUAGCUCUGGAGGUGGCAGAGA,1
CCUGACGAUGUGGACGGACAUUAUCUUGCAUUCCAUGCUCU,1
UUCUUUUGCAGAAAGGCCUUUUCCACCUCAUAUCCAGCUCC,1
CAGGACGGAGAGCUCUCCCUUGGUUCGGAGUCAGCACACCU,1
AUCAUGUAGAACUGUGGUAGUAGGAUGGGAACAUGAAAAUC,1
CAGGCAUCUCUCGGGACAACUGGCACAAGCGCCGCAAAACC,1
GGAGAAUAAAAUGGAAGGAAUAGGUUUGAAGAGGACACCGA,1
GACUGUGAGUCCUCUACUGUUAGUGAGGAAGACUACUUCAG,1
GCUUACACUCUCUGCUCUGGUAGACGGGAAGAGCAUUAAUG,1
CGAGGUCGCACGCGUGAGACUUCUCCGCCGCCUCCGCCGCA,1
GACGUUGUUCACUGAGGAUUUAGCAAGGGAGAGCGUAACUU,1
GCGUAUCGUGUUUUUCCACGUGAAAUGUGGGCUUAUGCAUA,1
UGUGGUAAUUCUAGAGCUAAUACAUGCCGACGGGCGCUGAC,1
CUAUUCUCAGCAUGUAGAACUGUGAAUGGCUCAUAAAAUGG,1
GGUCGCCAGCAACCUGAAUCUCAAACCUGGAGAGUGCCUUC,1
GGUGCUCUGAAGGCACAGACUUGGAAGCACCAGGUAGGGGA,1
GAACGCCUGUUCUCAUGAACUUCAUGAUGAGAGGCUCUUGG,1
UUUCGUCAGACCGAGUUUUCUCCGUAGAGAAUAAGCAUGCC,1
AGCGCAUAAAUCUUUCGCCUUUUACUAAAGAUUUCCGUGGA,1
CGUACACUGGAUUGCAGUGCUUCCCAGAUUAUUGAAAAAUG,1
UUCAUCUUCGGAACAAGGAGUUUCAAGAGUGUGUAGAGUGC,1
UAAACUUCUGUCUGACAAACUGAAAGAGGUGAGUGUGGUGG,1
AAGUUCAAUGCUGAUGAAUUUGAAGACAUGGUGGCUGAAAA,1
GGAUGGUGCUCAGAGCUCAUUAGACAUCGGAGAGUUCAUGC,1
ACGUCGGACUCAUGAGGGGAUUGUAUGACAAGUAGUUGAUU,1
CGGGAGCGGCUAGAGCUCUGUGAUGAGCGUGUAUCCUCUCG,1
GACGCAACACUUUUGGAACUUAGACGCUAGUGAGCACGGAA,1
GCGGUUCGUGUCGUGGUGGAUUAUGUUGCUGUUAUCGCUUA,1
UAGUGGAGAAAACAGAAAAUUCUGAGUAGCACUGUACUGUA,1
GACUGGGCCUGCUCAUCGAGUAGUGACGAAGGCCACUGAAA,1
GUCCUACUUGGAGCACCUACUGGAUCGGGAAAGACUGUUGC,1
CGUGCAACCUGUCCCGACUCUAGCCGCCUCUUCAGCUCGCC,1
UGCAGGAGGCUCUGAACCUCUUCAAGAGCAUCUGGAACAAC,1
CGACCGGAGCUGUAAGGUAGUUGCAGAGCUUUUCGUUAAGA,1
GGAAAACUUAUAAUCCCUUUUCAUUCUCCACCGCCGAUCGG,1
GACUCCAUGGAAGCGUACUUUAGAUUGGAAGGCCGGGUCUC,1
AGCCAUUCAGGAUUUUGAAUUGCAUAUGAGUGCUUGGCUCU,1
AUUUUUAUUUUUUGUACAGGUGGGGUCUCCCUAUGUUGCCC,1
CGUGGCUGCAGCUUCCAUCUUACUGAGCAGAUUUUCAAACA,1
UAGGACUACAUAGUAUAUGGUCAGGUGGAACGGUGUAGAUG,1
CCAAGUCCUCGCUGGACUGCUCAGGGUGCCAGACCUCAUCC,1
CUGCAAGGCUGUGCUCCUUCUCUGCCUGCUGCACUUCCUCG,1
GAAACUGAAGACGCAAAUGUUGGAUCAGGAGGAGGUGAGUU,1
ACGUGCUGGACUCUGAGACCUACGUCGGGGGCCACGUGGAG,1
UUUCUCGAUUCCGUGGGUGGUGGUGCAUGGCCGUUCUUAGU,1
AAUCGAAGAUUGAGGACUACUUUCCAGAAUUUGCUCGCUAC,1
UCUAUCUCUGCAGAAAACGUUGAAGAUCCAGGAUGUCGGGC,1
GGCUGAACUGGGACCCCUGCUAGAAGAGAAGGGCAAACGGG,1
CCUAAGACGGCCGAGAACUUUAGGUAAGGACGUGCUCCAGC,1
GGAACAUGGGCUUUCCAUCUUAGUCCUCGGGUCUCAAGUCU,1
UCAGAUGCCUGGAGUUACUGUAAAAGACGUGAACCAGCAGG,1
UAACCUUGUGUUUUCCAGAUUGGCCCCCGCCGCAUCCACAC,1
CGGCGUUGGCUCCGAAGACUUAGCGACGCCACUGGCGGCAC,1
AGGCCGUGACGCUGGACAUGUUGGACCUGGGGGUGAGUGUC,1
GGGCUGAAUGAAAAUGGCCUUUCUGAACAUCCAUUUACAUU,1
CUUGACGGUCGCCGUUCUGUUUGUUGUAACUGAUCUGCAAC,1
CUGGAGUCGAAACUGACCUCUGUGAGAUUCAUGGGGGACAU,1
UUCUCUGCGCGUGUGCGUUUUCCCUCCUCCCCGCCCUCAGG,1
UCCUCUCCUCUCCCUAGGACUCGGUGCGGCUGCUGGCGGUG,1
CCCUGGAGGCUGCCCGAAUUUGUGCCAAUAAGUACAUGGUA,1
GAAAUUCGAUAAGUCGAAACUGAAGAAGACAGAGACGCAAG,1
GUCUGGAUCGCAAGGACAAAUUCUCCUUUGACCUGGGAAAA,1
GGUGGUUUGAGAAAUGGAACUGAGAAUGGCUCCUGAUUUUG,1
GAGGACGAGCUGCAGUACCAUGGCCGAGGCAGACGUCGUUU,1
GGUUCUCUGUAGACCGAUCUUGUCUUGAGAGUCUCUUCCAG,1
UAAAAGGAUUUCCUAGUGGUUUCAGAGAACCGUCAUUGGUU,1
CUCCCUCCACUCGGAAGGACUAUCCUGCUGCCAAGAGGGUC,1
CUCUGCGGGGUCACUCCCACUUUGUUAGUGAUGUGGUUAUC,1
UUUGACACCUUACUAUGUCGUCUUCGCAAUCGCAUUUGUUA,1
UCUUCGUGGGAGGGCUCAACUUUAACACCGACGAGCAGGCA,1
GGCGUGUCUGUGGUUCCCUGUCUUUGGACACGUAAGAAUUG,1
CUUCCGGGCGUGGGUCAUCUUUAUUUGUCAAAUAUUUUCGA,1
CCUGUAGGGUUCUGUAAGUAUAGAUUGGAUUGUAAGUAAAG,1
CCCAGGAUGGAACUCCAACCUCGAAAACAUUUGAACACGUG,1
AAGGUGAGCGCUUUGCGCAGUGAUGACCCUCAUCUAUCACC,1
AACGUAGAGCUUGCUCUGACUUCUGAUGGCAGGACAAUAGU,1
CUGUCCUGUGAUGUCAGCGGUGCAGCGUGUGUGCCACCUCA,1
AAUUUUCUCUUACAGCUGUUUGCAGACAAGGUCCCAAAGAC,1
AGCCUCAGACUGGAUGGACUUGGAUCAGGAAGGAGCAUCCU,1
GAAUACCAGCUGAUUGACUGUGCACAAUAGUAAGUUGUGUC,1
UGAGUGUUCUGGGAUUUCUCUAGAGGCUGACAAGGGCUCCU,1
GCAAGUCCACGCUGACAGACUCCCUGGUGUGCAAGGCGGGC,1
UGGUGGCCGAAAACGCCCAGUUCCUAAGGGUGCAACUUACG,1
AGUCUGGAGGAACUUAGACGUGUUCUGGAGCAGCUCAUCGU,1
AAGACUGGGGUGGACCUCUUUCUUAAUGUCCAAUGUCCUUU,1
ACGCCCACCCGCUGUGGAAGUGGAUGAAGAUCCAACCCAAG,1
GGCUCAAAGGAGUCAACAUUUAUAUCUGGAAGGGACAAGUC,1
GACCUCUCGUUCGAGCUUCAUGCCUCGACGGCUUGGCGCGG,1
AGCCCUGCUCGUGCUGACUCUGGCCGUGUGGCUCCAGAGUC,1
CCUCUGGCAUGUUGGAACAAUGUAGGUAAGGGAAGUCGGCA,1
AACAGGCAGGAUCUGUCUUUUAGAUGGGAGACGACGCCUCU,1
GCACACUGUGCUCUCGAAACUCACGCGCAAAGCCAACAUCC,1
CUGAUUACCUGAGAAAUAAUUGAUGAAAUCUCAAGAAAAUU,1
GAGUGCAGAGCUCCGGGACGUGGAUCGGAGCCGGCGCGAUG,1
UAAAACUUUUUCUUCCAUCUUUUGUUCAGCUCCAGGAGCUC,1
UCCUCGAGGAUCGAGGGGACUCUGACCACAGCCUGUGGCUG,1
GUAGGUAGGGACAGUGGGAAUCUCAUUCAUCCAUUCACGCA,1
UUUUAAGACACGACGCUGAUUCUAGACUGAUGGCAAAAUUG,1
AGGAGCUGGGCCCGAUUUGGUAGUUGAGGAAAGCACAGAGG,1
UUUACCUCUUAGAACUCAAGUGGAUGGGAAGUAGAGCACUA,1
CAAGAUCCCAGACUGGUUCUUGAACAGACAGAAGGAUGUAA,1
ACUUGUGACGAAGUUCAUCUUAGAUACUGAAAUGCACACUG,1
UAGACUCACUCGACUCGGCGUUUUACGCUUAUUAGGCCGAG,1
GGACACUCUGGAUCGAGUAGUGUAAGUGCGCUGGGUCUCAG,1
CAGAGAUACUUCCUAACACUUUUGUAACAUUUUAGCGAAGA,1
GACGAGGAAGUGUGAAAACGUUUCUGGCUCCAUCCAAGAGG,1
CGCCAUCUGUCUCCCUUUCUUAGAAUCCCGAGUUGUGUCCA,1
UAAUGGAGAUUGACAUAGUGUAGUAAAAGAUGCAGAAGUAC,1
GGGUGUCCCUGGAGGAGAUCUACCAUGGCUCCACCAAGCGC,1
UCUGCUGACUUCUGAGCAGUUUUCCAGGAGGCCGGGGGGAG,1
AUGUGUAGAAAAUCUGGCUUUAGUUGGAAGAGCAUUUUCAU,1
GGUCCUAAGUCUGUGGCUCGUAUCGCCAAGCUCGAAAAGGC,1
CGAAGGACUUCGUCUGUAAUUUUUAACCUCAAUUUAAUUCA,1
CUUUUCCCAGACUCAGACGAUGCCCUGCUGAAGAUGACCAU,1
AACAGGCUGUGAAGAAGCUGUAUGACAUUGAUGUGGCCAAG,1
GGAACUAUUCAAGAGAGGUGUGCUCAAGGAAUAUGGUGUGA,1
UCAUCUAAACUGAGUCCAGCUGCCUAAUUCUGAAUAUAUAU,1
CUGCGUUUAUUAGUAGAGUAUGAGUCAGAUGGCCCUGCUCA,1
ACCGAUGAUUCCUCUUUUUUUGAAAGGAGCUUUCAGUAUAU,1
UAUUUCAGGCUGACUCUUGCUUGUGGUGGGGUGGCCCUGAA,1
UGUUCAUCUGAGCAUAACUGUACUAAAUCCUUUUUCCAUAU,1
UCGACGACUCCGUCGCAGACUACGGACCUGUCUGGGUCUCA,1
GGUGUUUGUUUGCGACCCCAUUCUCUCAUUGGGCGCAAGCU,1
UCCACUGCACUCAUGAGAUGUGCCCAGAGGAGGUAGGUAUC,1
GACGACAGGCUGUGGAUGUGUCCCCCCUGCGCCGUGUGAAC,1
CCUGCAGCUGAAAUGGACUGUUCUUUACUGACCUGCUCAGC,1
UGGCGGUGCUGUGCUUGGAAUAGAUCGUAGCUAAUUUGCAU,1
UUGGACUCUCUGUAGCAGAUUUGGCAGAGAGUAUAAUGAAG,1
GUUUGCCCACUAGGAUUGUUUUAAGAAAAUGGCAGACAAAC,1
AUCCCGCAGACGUGGUGCUCUUUGAAGGGAUCCUGGCCUUC,1
UGUUGGAUAUUGUGGUGUUUUAGAUCACUGAGUGUACAGAA,1
CUACUGCGUGGACCAGAACCUGCUCAAGGAGUACUUCCCCG,1
UUCAGAACAAACAAAAGAAAUAGAUCGAGAGAGAGAGCAGC,1
CCGGGCUGUCUUGGGCGAAGUGAAACUGUGUGAGAAGAUGG,1
GUAGUAUAUGCCCUAAAACGUCAGGGGCGCACUCUGUAUGG,1
UGAGGACAGUGAAACCUGAGUUUGAGAAGUUUUCCAUGGAG,1
CUUUGGUUUCUCUGAACCCCUUGCCGCACCACGUCACCAGG,1
GCAGGUGUGGAACGCCUAGCUCUUGUCACAGGUAUGGAAAA,1
UGAGACGAACACCGGUGAGGUAUAUCGGGGGAAGCUCAUUG,1
AGGCUCCUACUCGAACCACUUUACUUUGAUCUUGCUGUAGA,1
CGGAGGACCCCUCUGAAUCCUGAAACCCCUCUUGCCUCUCU,1
GAGAUGUAGUAUACUAGACAUAGAUUGAAGAGAUGUGAAUC,1
AUGCGAGCAGAGAACUUCUUUAUCCUUCGAAGGAAGCCUGU,1
CAUUGAUCGCCAGGGUUGAUUCGGCUGAUCUGGCUGGCUAG,1
AAAAAGAUUUACGGACAGGAUUGACAGAUUGAUAGCUCUUU,1
AUCCCUGCGCUUUCUGUCUGUCUUUGUGGCGGCCCAGAUUG,1
AAUAGAACCGAACUCAUUUUUAGAUUGGAAAGGAAAACAGG,1
UGCGGGCGAAAACGUCUGACUUCCUCAAGGUGCUGAACCGC,1
UCAAAAAGAACUGAGACUUCUGAGAGGAAAAACUAUUGAAU,1
ACGAGGGCGACUGAGGCACGUGGAUGAGGAGGGCACCCAGG,1
CGGCAAUGCCUGUUGUUAGGUCUAUGGGCGCGACGACUAGG,1
AGGAACCGCAGGUUCAGACAUUUGGUGUAUGUGCUUGGCUG,1
UCUCGGGCUCGGAACGAGACUGCACGGUGAGUGCGGCGCCG,1
AAUUGUUGCUUUGAUAAAUAUUACAUGAAGUGGUUGGUGAC,1
GGUCGGCUUGUGAAAAGUUGUUAAACAACAUGCUAAAUGUG,1
GGUCCUCUGCCCUGGACCUGUGACAUUCUGGACUAUUUCUG,1
CUUCAUCUUGUGUUGAGACUUCGUGGUGGUGCUAAGAAAAG,1
GGAGGGGUUCGGGAGAACCAUAGAAGAGGAAGGGCCGUGUC,1
AUCGGACUCAUUCAAUUCGAUUAACCGGCGGGGCAGGUUGG,1
UGAGCACUGGAGAGAAAGGAUUUCGUUAUAAGGGUUCCUGC,1
GAGGAAUCUGUUGACUCCACUAAUGGAGAAGUUUAAAAUUC,1
GGACCGCAGCCAUGAGAAACUAGACAGGGGCCACGACAAGU,1
GUCUUUAGCUGACAGUAGCAUUGGUGGUUCAGUGGUAGAAU,1
GUCAGACUGCUGAAGCCGACUCUGAAAGGUAUGUCAUGCAU,1
CUCUCUGCAGUCCGAGAAUGUCGACCGGGGCGCGGGCUCCA,1
UUAAACUCUGCACUAUGUAAUAGACGGAAAGGUGAGCUGGA,1
GAAUCCUAAAGGCAAAUGACUCAAGGUGUAACAGAAAACAA,1
UUGUAGUAAAUAGUUAGGAAUAAGUGAGAUUCAGCAUGCUG,1
UGGAGACAGACUGAAGCCAUUAGAGCGGAGAGCUGCACGCC,1
GGCAAAAGCUCGCUUGAUCUUGAUUUUCAGUACGAAUACAG,1
UGAACGCGGGCCUCUGACACUGCUUACACUGCACUCUGACC,1
GAAUUGUCUUGAGCGUUGUUUAGAUCAUGCACCAUAUUGUC,1
CUCAGCGGGUAGAACACUGCUCCUGGCACAGUCCCCUGGAC,1
AGCCCGAGAUGAUCGGCCACUACCUGGGCGAGUUCUCCAUC,1
CUGUCAGUCAGUUCACCCUCUGUGAUUCUCCAUGGACCCGC,1
CCUGGAGCGACUGAAGAAGAUUCGGGCCCAUAGAGGGCUGC,1
UACAUGUGUAAUAGUGGUUUUUUUUUUUGCAGAAUCGCAUU,1
ACCGAAAAGUUGUUAGUCUCUUGCUGGAAUCUAGAGGGUAG,1
CAACUGGACUUUCUGUAGGCUAGCCCGGAAGACAGACGACU,1
AUCGGAUCGAUUUGAAAUAAUCAGAGCAGGUGAUCUAUACC,1
CGGUGUGAUUGAAGGUGGAUUAAAUGUCACUCUCACCAUCC,1
AGUGUGCUCGUUCAUUCACUUGUUCAUCAAACACCAACAGU,1
AGCAGAAGAACCACUGAAUAUAGAUAGAGAGUGUAAUGAAG,1
UAAGGGAAAAUAAGGGGAAAUGGCAGGAUAACGAAUGAGAG,1
CUGUCGACCUAAAGCCUGACUGGGGCAAGGUCAGCUGUGGG,1
GGAGAGAGUGUGCUCAGAACUUAGACGGGAUUUGGUAGGCC,1
UUUCCGGACAGAACGUCCUGUCAACUCAGCUGCCCUCUCCC,1
UACAUAUGUAGUACAGGAACUGAGAAUGGCUCAGACAAAAU,1
UUCCGUCACCCUUGGUAGAGUUUAUUUUUUUGAUGGCUAAG,1
ACUGGAAAAGAACUAUGUCAUGGAUCAAGGAAGGAGAGCUG,1
AUAACUCGAACUGGCAUUUUUAGGUUGGAAAGACAGCUGAA,1
AAUGAUGACUUAAAUUACUUUUUGCCGUUUACCCAGCUGAG,1
CGCACUCGCAUGAUAGAAACUAAGCUUCGUUUUAGUGCUGU,1
UGGUCUUAGGCCCCAAAAAUUUUGGUGCAACUCCAAAUAAA,1
UGUCUGAGCGCUGUGCCCAGUACAAGAAGGACGGAGCUGAC,1
GGCCAAGCUCUCUGGACCCCUCCCAGGAGGGACCCACAGGG,1
GAUUUGAACUCUUCAAUCUCUUGCACUCAAAGCUUGUUAAG,1
CAAUGUGGAUCUUGUCAGAUUCACUGAAAAGAGGUGAGGGG,1
UUCUUACUAUUCAACUUACGUAACUUCUAUAGCAAGGCAUG,1
CGAGACGACAUCGCUGGCCCUCACGGGACAGCGGCUUGGCU,1
UCAAAUGGUAGAGCGCUCGCUUAGCAUGCGAGAGGUAGCGG,1
CGUGGUCUGUUUGACGAAUAUGGAUCUAAAAAGAGCGAUUA,1
CCACCGUGGACUGUCUGUUUUUGUAACACUUAAGUUAUUUU,1
AGGGCAAACUCCAGAAGUUCUAGUGCAGGAAGAGAGUUUGA,1
AUUGCAAUGUCUGGACGUGGUAAGCAAGGAGGCAAAGCUCG,1
UGGCUGAAACAAAGAAUUUGUCCUGUAUGGAAAACGGGAGA,1
ACAGUGCUCGCUGAGAACUCUCACCAGGUUGGCGCCUGAAU,1
CGACCUCAGGGACUCAGAAGUUGCAGCCCAUCUGCUGCAGG,1
AAAGCUGUAGACCCUGUCCAUAGAAAAAAUAGUGCACACUC,1
CUGGGGGAGAAGAGGAAGAUUUGUUCCAGAAGGAACUGUCU,1
GAUGCAGAUCUGAAGACCUAUUUUACUGAUAAGAAAACACA,1
UUACGGGCUUCUCCCAAUCUUCAAAAUUCCUUUCUCUUUGG,1
CUGUACUGUCUUGUUUAGUGUAGAAGGGAAGAGAAUUGGUG,1
AGGCUCAGAACUGUGGGUGCUGGAAAGGAAGAGCACACGUC,1
UGAGGAGAAGUGGAACUCCGUUUCACCUGCUUCUGCAGGAA,1
CAACCUGUUCAAGCAACGACUAGAUAAAGAUGGCAUCCCCG,1
CUCCCUGUGCUCUCUGGCUCUGGACUGUGACUGCGCCUGGA,1
AGCACCACCUUCCCUAUUACUCAGUCAUGCUCAACAGGGUC,1
UCGGCGAUGCCCCUACGGGCUCGUGUGCACAUAGAGCAGGC,1
GGCAACUUUGAAAAUGUCUGUACAGCCAACGGUAAGGGCAC,1
UUCGUUGCAGCCACUGAAGAUCCUGGUGUCGCCAUGGGCCG,1
CCUCGUACGACUCUUAGCGGUGGAUCACUCGGCUCGUGCGU,1
AAUUGUCGAUUCUCAGUAUGUGGGCUGCGCUGCGAGCGCUG,1
CUGAGCGUUCUCAACUUGGUUAUUGUAAAAAAAGGUGAGGG,1
AAGCAUCUGCUCUUGAGUCUUUCUUCCCCCUACAGUCGGAU,1
GUGACUGAUUGUGAUAGAUAUAGUGAAGGAAGAGCUUAGGU,1
UUAGAAGUAGUGUUCGACGAUCAUAGACCAGAUGAGGAUGC,1
GAUGUUACAUUGUAGUGUGCUGAUGUGCUGUGUAUAGAAAU,1
ACAAGGCGCUGAAUGAACCAUGGAGCGGAUGGCAUUGUCCU,1
CGGCUUCACGCUGGACGACGUCAUCCAGACAGGCGUGGACA,1
AGGCGAUAUUAUCAUUGUGUUAGAUCAGAAGGACCAUGCUG,1
GAAGUUUGCCUGGAGACAUUUCUACUGGUACCUUACCAAUG,1
UUUUUUCAAAUAGAAAGAAAUUCAAGACCAUGGCCCUCUUU,1
CGCGGAUCGUUAUGAUUAAGUAACUUGAGACGAACCAGUAA,1
GACCAAGCUGACUGAAAGAUUCUUCAAGAAUACACCUUGGC,1
GUUAUGUCUGGCUGUAGCUGUUGGUCACGUGAAGAUGACAG,1
GGUAUCACAUCCGAGACGUGUGCUUAUACCCUCGAUUUGUC,1
ACCAAGAUCUAUGGGGGACGUCAGAGAAACGGCGUCAUGCC,1
AAAGCAAGAGCUUGGACGUGUGAUACAUCUCAGCAAUUUGC,1
ACCAACAGAUCCAGAGACAAUGGCCCCGAUGGGAUGGAGCC,1
GGACGGUCGUGAUGGAUAAAUCGAAAGGAGAGCCCGUCAUU,1
ACCUAGAGACAUUAACUGAAUAGAUCUGGGGGCAGGAGAUG,1
CGGUAUCUAAUAGGUCUAUAUUUAAUUUAAUUGGCACGCCA,1
UGAGCUGGGGCCUAAACAACUAGAAGGAGAGAGCCACGUGA,1
GGAUCUUUUUAAACACUGUAUAGACGGAAGAGCCUGCAUUC,1
UGCUAAGAAUGGACAAGAUCUUGGCGUUGCCUUCAAAAUCA,1
UACCAGUGCUCUUUGUUUCUUCAUGUGGUUUUGAGUUACUG,1
GGAUCUGAGAAAUCUGAAACUUAAGUUGCAUUCCUUUGAGU,1
CGGAGGAUGGAGGACAGUUCUAGAUCCAGGAGAGCGGUGGC,1
GUUAGACCAAGGGAACGUAUUAGAUAUGGAAGUAAAGAAAA,1
GGAGCGGCAGUGGAACCGACUCCCAGAACUCCGGACGUGUG,1
AAAACGAAUCUAUCAAGUCUUCUGCGGAGAGGCCAUUGGGC,1
CAGCUCUGACUCUGAGACCCUGGAUCUGGAAGAGGCCGAGG,1
GCAGCGGACGCCGGUCUCUGUUCCGCAGGAUGGUGAGUGGA,1
GGUUGUGGUGUCUGGGAAACUCCGAGGACAGAGGGCUAAAU,1
UGUUUGUUUUUUCUGAAUUCUGUAAUAUAGAAACUGGUUCU,1
CAUCUGGCUCUUCUCUGUCUUCAGGUCCUGGCACUGCUUCA,1
CUCAGAAAGUAGCCUGAAUCUAGAUUAGGAAGACCAAGUCU,1
GGCUCCCUGGUGUGAUUCCGUCCUGCGCGGCUGUUCUCUGG,1
AGCUGCUCCUGAUCGGGGAUUCCGGAGUGGGGAAGACCUGC,1
UUUGUAUUAAUUCAUCAAGUUGGUACUACAACUGCGAAAGC,1
AAUUUGACCAACGGAACAAGUUACCCUAGUGAUAACAGUAC,1
GUGUCGUAUAUUGUACUUUUUUUUUCACGUCCGCCAUCACA,1
AGUGUCUCUAGGGUGAUACGUGGGUGAGAAAGGUAAUCUGG,1
GGGCACACGCUCUCCUCACUUUACCUGUUCGGGUCUACACC,1
GCUGUCAGAGGGAAAGACUGUGCAGUAAUUGUCACACAGAA,1
ACAGCCGACUCUGGAUGACCUCGGGCCACUGGCAGCACUAC,1
CGUGUGACGAUACACCGAGAUUGAAAUCCAACUUCUAGGAU,1
ACUGAGUACACCAAAUACGAUAGAUCAGUGGGAUACAACAG,1
AAAAGGACAGACCCUGUGCUUUCAUGAAAGUGAAGAUCUGG,1
UAACAGAAGACGGUCUGACUUGCUUUCAGUAUUCACAAGUU,1
GCCGAGGGUCCCGGCAGAACUGCGCAUGGCUCCUUCUUAGA,1
AAGGCCUUUCUGUGUGGAAUUUGAAUAUCUGAAACUCAGUU,1
AAUGAUGACUUGAUCGUACUUACAAAUGUAGGCAGAGGUGA,1
AGUUCUGGGAAAGGGAAAGCUCCCAAAGCAGCCUGUCAUCG,1
AACUCAGUCUCUGAUUGAACUUUUUGAAUCUUUCAAGAGUU,1
ACCGAGGGACUGGGAGUCGUUAGUGAGGUGAGUUCGAGGCG,1
GUGUUUCUGGAAAACGUGAUUCGUGAUGCUGUGACUUACAC,1
CUGUUGAACCUCAUUCGUGAUGGGGAUGGGGGAUUGCAAUU,1
ACAAAGCGAAAACCUUCGCUUAUAAGAAUCACGGUGACGCC,1
UGAGGGAAUUACUUCUUUCUUUACAUCCAGCAUUGCCCAUG,1
CCAAGAUGGUCAUGACUGUGUUUGCAUGUUUGAUGGGCAGG,1
UGCAGUGCUUUUUCUCAUCUUAGCUUGCUCUCUCCUUCGUU,1
CCUUCUUUGUCUUCAGAUCUUUUUCUUCUGAGUCCUCACUA,1
CAGAAGAUACUUUAGCGAAUUAGUCUGUUUUCUCCAUCGAA,1
UUCAAGAUGGAUUAAAGACUUAAACGUUAGACCUAAAACCA,1
ACCAUGGACCCUGGACCUUGUAGAUGAGGGACACUGGCCUG,1
UGAAGGGGUCAACAUUGGCUUAGAGGUGAAGAGCAAGACUG,1
UGCACGUAUGAGGCCCCGGGUUCAAUCCCCGGCAUCUCCAG,1
CUUGGCUGUGGAUGAAAUUGUAGAUGGAGGGUAAGUUCUCU,1
CGCUUGAUCUUGAUUUUCAGUACGAAUACAGACCGUGAAAG,1
ACUCCACAUGCACUACCAUCUGAGGCCACCCCAUGGGCCCA,1
UAAUUAGUGACGUUCAUGAAUGGAUGAACGAGAUUCCCACU,1
UCAAGUGUAGUAUCUGUUCUUAUCAGUUUAAUAUCUGAUAC,1
AAUAAAGCCCUCCUGGGGACUUGGAAUCAGUCGGCAGUCAU,1
UCUGCCGGCUGCUGAACCGGUGUGGCGAGGCGGCGCGGAGC,1
UAUCCCCUUGGACAAAACUGUCGUCAAUAAGGAUGUCUUCA,1
GAAGGAGCAGAUCAAGACCCUCUACAACAAGUUUGCCUCCU,1
GACCUGUAGGCCUGAUAGACUGAUUAAACCACAGGUAAGGC,1
CUUGGCGGAUUGUAAGCUGCUGGUUUUGCGGCUGGGAAGAG,1
AAGACCAAGAUCUGAGAGAUUCAAGGCAACAAGCAGCACAA,1
GGAUUUUUUCAUCUGUUAUUUAGAAGGAAGCGCUGUAAUCG,1
UUGAGGACAUUACUAAAUUAUGCCAAUAAACGAAAAAUAGG,1
GACUUGGUGCUCUCCUUCCUUCACAGGGGCGUUCUGACCGU,1
AACAGCGACUCAUCAUUCAAUCCAGCUAACGGUAAUAGACC,1
UGUUUAGUCUUUCUAAGAAAUAGAUCAUGGAGCCAAGUGAA,1
GUGUUCUGAUCACUACUGACUUGUUGGUAAGUCUCUUAAUG,1
GCCGUGCCCCUCAAAGUGAAUUUGGAGGUUCCACAACUCUA,1
CAGGGCUGGUACAGUAAAACUGCGAAUGGCUCAUUAAAUCA,1
CCAGCCGGAAGAAGGAGUGGUGGGAGAAUGCGGGGAACAAA,1
UGUUCUCUGAAGAGCAAAUGUCUCAUUCCAGUAAUGACCCA,1
GGACGCGAUAUCGAAAGGCGUGUCGAGGAUGUGCGUAUUGU,1
CCCUUGGGAAGGUCUGAGACUAGGGCCAGAGGCGGCCCUAA,1
GUGUCCCUGUCUCUCUGCAGUCCGAGAAUGUCGACCGGGGC,1
ACUCUUCCCCCUGAACAACUUCUUCCAAAAGAAGUCUUAUC,1
GUGCUGGAACUGCUGGGACCUAGUUUGGAAGACUUGUUUGA,1
GGACUGUAUGAAGCAGAAACUAGGUCGAGUAGCACACGCUG,1
GGACAGGAUAAGCACACGAGUAGAUCUAAGUCACUGGAAAU,1
CCCUCAUGUUGGACAUGCUUUAAAUAAGGUAACUAUAAUUU,1
AGGUCCAGCGCGAGUAAGCCUGGCAAAGAGGACAGCGACCG,1
CACGUGGAAGUGUACAGGAGUGGACCGGAGGAGCCACCCUC,1
CCGGGCAACGAAAGUGGCUUUCUGGUUGGAAUUGGUUCCUC,1
GUAGUAACGUGAAACUCUCCUAGAUCGAAGCAGUUAGACUG,1
UUAGUAGAGAAAUCACAGGUUCAGACAUUUGGUGUAUGUCC,1
AUUCAGGGAGAAGAAGCUGCUGGUGGGCUCAGAGGACUACG,1
UGUUCGGAAGCGUAGAGACGUGGCCUUGGCAGGUCCUAAGC,1
GUGUCCUGACUUCUGGAAUCUUUGAGACCAAGUUCCAGGUG,1
CUGUACGAGUCAGAGCACGAUAGUGAGGAGGCCACACGCUG,1
CUGGGGAUCUUGCCGCCCCCUAACUUAAACUCCGAAGUAGG,1
GAAGCAGCGGCCACGAACUCUCUGCGCUAGGCGGUAACUGU,1
GAAGAGAUGGACUGAAGACUUUGAAUACUGUAGAGUGCUAC,1
AUCCCUACAGGCUCCUGCUCUAUCCCAAAAGCACCCACGCA,1
CAGGACUCAUCUGGUGAACAUAGAUCAAGACACUUACAGGU,1
GUCCCGAUGCUUCGGACAAUUGCGACAGGCCGAGCGCGCGC,1
GAUGUUUGGCUCUGAAUGACUUAAGCUGAAGUAACUGGCUC,1
UCGUGUGUGCGGACGCUGACUGUGAGUCUCUGCCCUCCUGG,1
CUUCGGAUUGGCCCGAUUGAUAGAAGACAAUGAGUACACAG,1
GAGUCUUAGACCUCUAAAAAUAGACAGGAAGGGCUGCCCUG,1
UUUCGACGAGACCAAAGACUUGGAUCUGGAAGACAUCGUGC,1
CCUCCUUGGCUGUCUGAAGAUAGAUCGCCAUCAUGGUGAGU,1
CCUGCUCUGGGACUCUUCUGUAGGAAUGGAAAAGCACAUCU,1
CAAAGAAUGGCCAUCUAAUUUAGAUCUUAGAAAAGAGUUGU,1
CAGGACCUGAUCACCAUCAUUGGAAAGGAGGACGCCGUCCG,1
CGAAGUAAAUAAAAGAGGGUUUACAGAGGAAGCAGGAUGAU,1
GUGGCCAUGAUCAGUCGACGUGUACAUAAACUACCGUGUGU,1
GUGUUUCUGAAACAAAUGAUUUUGUGGAAGUUCUGAUUUAU,1
AUCCCUAGAACUCCUAAAGCUAGAAAGAGGAAGAGCAGAAC,1
GUGCGGCUGUCCAGAAAACGUAAUGAGGAUGAAGAUUCACC,1
GUGUUUGUGUGUAGGUUACGUUAUAUAUAGGAUUCGUGUUC,1
CCUCAAGCUCCUUCCUGUCUUGCAGACUUCUACCAGGACGA,1
UCCGUUCCCGCCACCGCGCCUUUCUCGCCCAAUUUCGCACC,1
CAGCGGAGCAAACCUCGAAAUAGAUCUGGAAAGCCAGGCUC,1
GUCCAGGCUGUCCCUGAAACUGAGUCUGUGGACACUGUGGA,1
GCCAGCUCUGUAGCUCUUAAUAGAUAGGAAAGACAAGAUUU,1
AGACGCGGACAACCAAAAGGUCUAGAGGAGGGAAAUGUGCA,1
GAUGUUGCUCUCUAAAGACCUUUAAUAAAAUUUUGUACAAA,1
CUUCGGUCGUGGAGGAAACUUCAGUGGUCGUGGUAUGUAUG,1
CGAGCGGUUUUGGACCAGCGUCGAGAGCGAUUCCAAUGACA,1
CUGUGAGCACUGAAGGGGGUUGCACAGUGUGUAACAAAAAA,1
GUUCUCUGGAGCAGCGUUCUUUUAUCUCCGUCCGCCUUCUC,1
AGGCGGACGUGGUGGAGUCCUGGAUCGGUGAGCACUGUCAG,1
GGCCGGUGGACUGUUCGCCGUGGAUCGGAAGUGGUUCUGGG,1
CUAGAAUUCUGUUCAUCUGAUAGACCGGGGGAGCUUUGCUA,1
GCUGCGCCUAUAAUGGGAUUUUCUGAAGUAAGCCACAUGGA,1
CCUGAGGAGUUGGAUGACUCUGACUUUGAGACAGAAGAUUU,1
UGGAAGGGACUGUUUGCCCGUAUCAUCAUGAUUGGUACCCU,1
GAAUCUGGAGAAGAAAGUAAUGAAUCGGAAGAUGACCUGAG,1
GCCAGAACACCGUGGGCUGUUACUUGCUUUGAGUUGGAAGC,1
UCGAAAUCGGUUUGCUGUCCUAGAUCGGAUGCAUUCGGUGA,1
UAAAUAUCCUGUCUGAACUUUGGAUUGGAAGGCACAUUUCC,1
UCUAGUCUGGCUCGUGGGACUCUAGAGGGAGUCAGUCUGCA,1
UGAGGCUGUGGAGCGUGAUAUAGAUGCGGAAGAGGUUAGAA,1
UGGAGUGGCUGAAGAAACUGUGAGCACCUCCACUGACAGAG,1
UAGGAGCUUUGCGUGAUUGUUGUAUCGGGAGGCAGUAAGAA,1
AGGUAACCAACCUGAACGACUACCGAGAAAAUGUGUUCAAG,1
GGGAACUGAAGAACCUGAUGUAGCCCCUGGCCAGAUAACUG,1
GCUAAUGGUAUUGGUCGCGGUCAAGUAGGUCGGCUACGCAU,1
UCAGCUGAACUCAAAAGCCGUCAAAGACCUUGCCUCCCCAC,1
GACUCUACAAAUGUAGAAGCUGCUUUUCAGACAAUUUUAAC,1
CUGGACCAACUAAAAACAGAUGAACAGGAACGUGACGAUUC,1
UCCGCGUAAGUCGGACAGAAUUGAAUUAUCAAAGCCUGCAG,1
GGGGCGCCUUUCCAGUAUGAUGAGGGGUCGCCCCUUUGUCA,1
AGCUGAACCUGUUCAAAAUGUUAAUAAAGGUUUCGUUGCAU,1
CGUUAGCCGCUUGGCUGUACUCUUUGCAGAGAAUUAGGCCA,1
GGGCAGAAAGUGGCCCAUGCUCUGGCAAAGGGACUCAGAGU,1
CGUCCUGAUCGACAGACGGUUAUGUUUUCAGCUACUUUCCC,1
AGCAAGCUCCGGAGACUUCUUAGAUCUGAAGGUCAGUGUGA,1
GAGCUUGAUGAACUUGCUCUUCAGCCUGCAUGUUUCGUAUA,1
GGUGCUGCUCUUCCUCAUCUUGCUCUACAUGUCCUGGUCCG,1
CAGAUGUAGGAUAAAGAACCUAGUAAUGGGAGAGCAACUGU,1
ACUGCUAGAGCAUCGGAUCCUAGAAGAGGAAGAGGUGCUGG,1
AUGCCAAUGGAUCCCGAGACUUUUUGGACAGCCUGGGAUUC,1
CGUUCAUAGCGACGUCGCUUUUUGAUCCUUCGAUGUCGGCU,1
CGAAGGGAAUGAACUCCUCGUCCAGUUCGUCUCAGAUCUCA,1
GUGAGAUUCAUCCAAACUAAUACUUUCUGACGUGCUGACGG,1
GUCUCGCUUCUGCCGAGGUGUCCCUGGUAAGUAGUGGAAGA,1
UUCUCUGCCCACAGACUUUGUGCCCAUUGACCUAGACGAGU,1
AAGACCCUGUUGAGCUUGACUCUAGUCUGGCACGGUGAAGA,1
GCAUAACGGAUCAAGGGGCUUCAUAGGAAGCCUUGUUGCCC,1
GGUUAUUGCAUGCGGAAAUAUAGAUGAUACAGGAGGGGCUC,1
UUUCACUGGUAGAGCUGAUCUAGAUUUGAUGAGCAGAUUGA,1
CUGUAGAUCCAGAUGAAGACUCUGACAACAGUGCAAUUUAU,1
CCAACGGGUAUCCGUACAGAUGCGACCGUCUCGGGUCGUCC,1
UCAUGUCCGGACGUGGACAGUAACACGAUUCAGAGGAAUGA,1
CCAUGAUGGAACUGAGGAUCUGAGGAAGGGAGGCUGGGGGU,1
CAGAAUCUUUAAGCCGCGCAUUGGUGGUUCAGUGGUAGAAU,1
GGCAUUGGUGUCAGACGGGCUGGAUCGGAAGGAGCCCCGAG,1
CUUGCGCAGCUGUCUAACUUUCUCCCUGGUAUAUUAGGACU,1
UGUGCAGGCUGGUCUGGAACUCCUGGGUGCAAGCGAUCCUU,1
GUAGACUCAGCCUCACUCUGUACAAGUGGGUGUGCUCCAAA,1
UCUUCCAGUGGAAGCAGUGCUAGGACGGAAGACAGCCGCCC,1
GGAGGGUCAGGCUGUGGCCUUCUGGAGCAGGUGGCUUGUUA,1
CAAAGAAUUCACAAGUAAGAUGGAUCUGGAGAAGCCAAAUU,1
AGCUGUGAACUGAUAAGAAGUUCCCCGAACCGGAGUUCAUC,1
UGCUCUCAGAACUCCUGAGCUCAGGCAGUCCACCGCCUCGG,1
GCUGAGAAGACAGUCGAACUUGACUAUCUAGAGGAAGUAAA,1
GAGCCUCUGACAGUAAAGUUUUGCUCCAGCCACCUGUCUGU,1
UGGAACCAGAACUUGGACCUUCUCGCUUCUGUCCUCCGUUU,1
GGAUAGUCGUUGUCAAAGUUUUUGGUCAACGGCACCGCCGC,1
AAACUGCCAUGUCACCCUUCUGAUUACAGCCACCUUUUGGG,1
CGAGAGCACCUGCAGGCCGCUGAUGGAGGACAUAGCCGUCG,1
UGAACUGGGUGAACAGAACGUUGAGUGAAGCUGGAAAAUCA,1
GAGAAGUGAAUUCUGGCUUUUUUUACAAGAGUGCAGAAGAG,1
UGCACCAUUGAGUGUCGGAUUUGGGGUUAGCAUCCAGAAAG,1
ACUGGGAACUGCUGGCUACAUGGAUGGAGAGCCCCUCUCCA,1
GUUUUGUGAGCAGGAAGAGUUCCAAAGAUAAAUAUAACUUU,1
ACUGACGAAGACUACUCCUGUCUGAUUGCAGUCAAGUCUUC,1
CCAUGCUGAGAACAUGCGACUGGGCCGAGACAAAUACAAGA,1
AACAUGAACGACCUCGUCUCUGAGUAUCAGCAGUACCAGGA,1
ACAGGAUGAUCGGCUGAAUGUAACAGAGGAACUAACGUCCA,1
UGAAUGGCUGCGAAGUGAAUUAGAAAGAGAGAGCAAGGUAA,1
AUCUGACUGACUGUGCUGAGUCUGUUCAAUCCAACCCUGAG,1
CAGCCUGGACACGGACAGGAUUGACAGAUUGAUAGCUCUUU,1
UUCCAAGAAAUAGGGUGAACUGCAAAUGGCUCAUUAACACC,1
CCUGUGCUGAACCCGAAUCUUCCAAAAAACAGCCUACAAUC,1
GGUGUGAGGACUUCUGCAUCUUACAGUCAGCACAGAACACA,1
CGUACCUGAAUGGCUGGCCGUGAGUGUCUGUCGAGUUGGCG,1
UGAACAGGGUCUGGAAAAACUGCAGCAUUUCUGUUGCCCAU,1
GCUAGGCUCUGGGCACAAGAUGGCUCGGAAGACGAGCCCCC,1
UAAAACCGUUCCAUUUUGAUUCUGAGGUUACUCUACUAACA,1
AACAAGCAGUGGACCUGACAUGUAAGGAGGUUGAAUAGAGU,1
AACUGGCGUACCUCCCCAAGUAGCCCACCAAUGGUAUGCAG,1
UUUAGUGCCAGCAGCCGCGGUAAUUCCAGCUCCAAUAGCGU,1
UGUUUCAGAUGGAGGAGAUGUAUAAGAAAGCUCAUGCUGCU,1
AAAGAGUAGGAGGGGUGGGCUGGAUCGGAAGCAACACCCAU,1
UCAGGAGAUCUGGACAGCUGUCCCUCCACUACAGAAACCUC,1
AGUAGAAGCCUGGAUUAGUUUGCAGCAACUCAAUCCCAAAG,1
GAGGAGUCUGUCCCACUCUGUCAAGUGGAAUCCUUCCCUUU,1
CAUAGUGAAGGCCCUGAAUGUGGAACCAGAUGGCACAGGCC,1
UUUUUUACCUUUGCUGCAGCUUAUUAGUAUUCCUGCUUAUA,1
GUUGCCUUAGACACCAACUCUACAACAUUACCUGUCAUAUA,1
GACACUACAUCGGAAGGUAGUCACUUUAAACACGAGCACAU,1
AGAAGGAUCGUCCCUGUUAGUCGCAAUAGGGAACCAGUGGA,1
UCAGGCUGGAUCUCCAGAACUGUUCUCUGGAGGACCCUGGU,1
AAGUUCGUGCGGGACAUGAUUCGGGAGGUGUGUGGCUUUGC,1
CGUGAUGUUAUCAUGGGUGCUGCGCAACCCCCGCUGCGUCU,1
AUCCACGACAUAAUGGCUUCUUUCUCAGCGGAAGUUGGUGU,1
UCUUCAGCUCUCAACUGAACUGCUCUUUUAAAAACAAGGUA,1
UGAAAGCGAUCGAUAUUGGAUCCUGAUAGCAGGCUAUAGCU,1
AUGAGGAUCUUAACCACCAUUAUCUUAACUGAGGCACCCAA,1
UCACGAGCCGUCUUUACGUUUCGAUGUCUCUUACAGUCGAC,1
UUACCUGAUGAACUCAACUUUAGAAGGCGGAAGCUCUAUCC,1
AGGGAUUUGCCUUCCAACCUUGUGUACAUAAGAGUUCCAGU,1
AUCGCAGGAGAGACUGUGAUUCAGCAAGGUAAGGGCCUCUG,1
GGAAACACCUGAUGUCAAUCUAGAUCAAGAGGAAGAGAUCC,1
UGGGCCUCCAGACUCUGUGGUUGAUGUGGGGAGUACAGAAG,1
CUCCUGCUCUGAGACUUUGAUGGGUGAACUGGGCAACAUUG,1
GGUCGGACAGUGAGCACUCUUAGGAGGAAGGCACUGUACCA,1
GAUCUGUAAGGUGCUGGCUGUCAACCAAGAGAACGAGCACC,1
GUCAGUGGAGGAAAAGAAAUUAACCUGGACUCCCUCAGUAA,1
CCCACAGUCUCUCCUGGAGCUGCACAAGAGGAGGAAAGCCC,1
UGUCAGUGGUGGACCUGACCUGCCGUCUAGAAAAACCUGCC,1
AGUAACAACAUUGCCUGGGAUCUUGUUAGAAAUGGAAAAUC,0
UGCUUAUGUUUCGCAAGUGUUAGUGCAAAGAUAACCCUCCU,0
AUCACGUGUUGAUCUGCACUUUCCCCUCCAAAGAAAUCGGG,0
AUUUCAUCGCAUAUGCUCACUCAUGUAACCACCACUGCAAU,0
CCAACUCCUGGUCCUUGCCUUCCUUUUCCGUCAGGGCAUGA,0
AACCACAUUAAGGGAAUAUUUUUAUAGCAUAUAUUCAAAAA,0
CUACUGUACUCCAGUCUGGGUGACACAGCGAGACUCCGUCU,0
AAUUAAAUCCAAGACCCCUCUUAUGUUCUCUGAAGUUCACA,0
UUAACAUGAGAUUUGGUGGAUGAUAUCCAAAUGAUAUCCAU,0
CAGGGACUGGAACAACUCUUUUGACUGCCCCCAAUGCCACC,0
GGGACCCUGUGUUACCUUGAUGACCGGCGGCGGCUUGGCGA,0
UUUAAAGCAAAGAUUUUUCAUUUUUUUAUUAAAAGAAAAGA,0
CAUGCCUGGUGGAAGUCUGAUAGCGUCUCUGCACGUGACCU,0
GGGUGUCAGAGCUCCGUGAGUCCUCCAUAGUCUCCUGGCAA,0
CAGCCCCAUUGAGGGUUAUCUCUGCAGGCCAGGUGGUCCCG,0
UCAAGUGAUUCUCCCAUCUCUUGAGUAAUUGGACUACAGGU,0
UUCAGUUUCAAUUUAUACUCUGUGUGGUCUGGCAAUUUCCA,0
GUUUUUUUUCGCUGAACAUCUUAAAAAUUAGAAUAAUUUAA,0
CAACUUAGUCAGGUCCGGUCUCUAAAAAAAAUAAAUAAACA,0
UCCAUGGAGGACGGAUAGCCUUUUCAACAAAUAGUAUUAAA,0
CUUGACAAAUAAGACAGUAAUCUAGAUCAGUGGCCCUGUGC,0
CUGGAAUGCAGAUGGAAGCCUGGAGGUGGAGCAGCCAUCUU,0
UCUUAAACACAGGAAAGACAUUUACACGACAGGAACAUUUC,0
AAUAAAGCAAGAAGACAAGGUUAGAGAAAAAAGUAAAAAGA,0
GAGAAUUUUAAAAUUUAUUUUCUCUAUAAAUGAACUUCCAA,0
CUCAUUUUUUAGAUAAAGUCUUUUUUUUUUUUGAGACGGAG,0
UUUCUAGUUUUGAUAUUCUAUGCUUUGUGCUUCAUAAUUCC,0
GCACUUUGGGAGGCUGGGGUUGGAAGUUCAAGAUCAGCCUG,0
ACUAGAAGGCAGCUUCACAUUUUGCAAAUACAUCCAUACAA,0
AAGAAUAUUGAGGGCUUGUUUUUGUUUAUCAUUGGGAACCC,0
GACAAAUAUGUAUUAAAGUGUGAGUGGCACAACCAUCCCUC,0
AGGCCAAUGACGAAGAGCUUUCCCCCUGUUUUCUUAUGGAA,0
UAGAGAGAGAACGCCUACUUUAGACAUACAGUGGUCAGGGA,0
ACGGAGAGAGGGGCUGUGUGUGGACGGAGUGUGUAGCAAGG,0
CCAGAGAAGCCCCCUCCCUAUCACUCCCCAAGGAACCCACU,0
CAAGGAAGAAAUAACCCUAUUUUACCCACACUCUUCCAGAG,0
CACCAAAAAAAAGGUCAGGGUCACUGUUUGGUGGUCUGCUG,0
AACCAGGCUCAGCCCCCACAUUUAUGGGCCACUGGAGACCC,0
UGUGGGCAGGAGGGUGCGUGUCAGCAGGCCGCGGGCUACCC,0
AGAGACAUCUUGAGAGAAAGUAUAUUUGUUCUGCUGGUUCU,0
UCCUGGGUUCACGCAACUAUUGUGCCUCGGUCUUCCCAGUA,0
CAGAGCUGGCCCGGUUCCCUUCCUCAGUUUCUCCUGAGAAG,0
GUUUGAAUAUGUUCCCCAGAUUUCACGUGUUAAAACUUAAU,0
GGAUUUGUCUUCUUGGUGGUUCAGAUAGGGGUCACAUCUGC,0
CAGGUCAUGUGGUGUCAGGUUGGAGUGUACUUCCAGGGAUA,0
UAUAGCUGCUAAGUGCUGUGUUGUCGUUCCCCCUGCUUAAA,0
UAUUGAGUGAUGUUUAAGUAUGCAUUGAGUACAUGACCAAC,0
UCCAUUAGAGGAAGUAUCUCUCUACUGGGUAAUGAAACUUC,0
CAGGGGCCCAGAGGUAGGACUACUGCUCGGUGCAUUUGGAG,0
GUUGUCUAAAUUUAUCUGCCUGCAUCUUGUUCCAAUAAAUA,0
AUUAGCUGGGGGUGGUGGUGUGUGCCUGUGGUCCCAGCUAU,0
UUCAAUACUUUUCAAAAUACUUGAAUUUAAAUAAAUAUUUU,0
UCCCCAAGGGGUAUAAAAUCUACCAAAAGGAAUAUAAUGAA,0
GUUCACUUCAUAAUAUGUCUUGGUGAUUUUUCCAUGUUAGA,0
UAAAGAUGUAAGAGGCCGGGUGUGGUGGCUCACGCCUUUAA,0
CAUGAAAUACUGUCCCAACAUAGUGGAUGCUUUUAUUAGUG,0
GGACAUACAGAAGAGACCAUUACACGAGGCCCCAGGAAGUA,0
GUUCAUUUUGAACUGGGCCCUGCAAAUUAUGUUAGUUGAUC,0
CCAGGCAAGAGCAGGCCUGAUGGAUGUACUGGUGAGCCCCA,0
UUUAGCCAUCUGUGUACCCUUCAGUGAUGACACGAUGACGA,0
UGACUUCCAGGCCUUCAAACUACGCCACUGCUUUUCCUGGG,0
GGUAGCAGGGAGCAGGCAGUUUACUAAGGGGAAAGCAAGGG,0
GAAGGCGGGGACUCAAGGAAUAAGACCUAAUAUUUGAGAUA,0
AAGACAUAGUUAAUGCAUUUUUAAAAAUUAGAUUAUCAAAA,0
GAAGCCCAAAACGAGGUGACUGAAAAUCCAAAACAGAAAAU,0
AAAACUUCAAAUAAACAACCUAAUGAUGCAUCUUAAAGAAU,0
UAUGGCAUUCUAAACCCUGAUACCAUGUUGUAUCUAUGUUU,0
UUCCCAAGUUCUAAUCAAUUUCUUGUCAUUGUACUUCACAG,0
AGGAUUUAGAUAUUUUGAUUUUUAGACAGGUGUUCUUUAGA,0
CAGCUGGGACUAUAGGCGCAUGCCACCACACCUGGCUAACU,0
GGAGUUGGAGAACCGGACCCUGGGUUUGCAAUCAAGAGCUC,0
CUGGGCAAGAAGCACACCUUUAGUGUGUGGCAUCAUCACAU,0
AUGUUAGAAAAGGCCAUUAAUUUGCCUGCAAAUUGUUAACA,0
ACAAAAAUAACAACUGUUCUUAAGCACAAAAAUGUGCCCUA,0
UGUCAAAGAUCAGAUAGUUGUAGAUAUGCAGCAUUAUUUCU,0
GCCACCCCACACUUGGGGACUGUAAUUCCUGGCUGCAAAGG,0
AAUGAAAGGCUACUAAAUGAUAGAAGGAAAAGCAUUCUUAA,0
ACAUGUGAAGAGUUUCAACCUGCAUCUUCUAUUAAAAAGAC,0
AAUGGAAAUGCACUGCCAGUUCAGUGCUGUGCAGGCAUUAG,0
UUCUUUUGAGCCAAACUUCCUUUCAUUGGUAUAAUCCUAUA,0
ACCCUGGGUGAGAUCUGGGGUAGAGGCAGGUCCCAGGCUCU,0
GGAGAGUAGCCUGGGCAUCAUAGUGAGACUGCAUCUCUCAA,0
UCAUAUUUGGAUAUAUGGAAUCUCACAGAUUUUACAUAAUU,0
AUGGGUGAGUUAGUCUUCAUUAUGUUUGCUAGACUAGGUAU,0
UGGCAUUGGCCCCUCAUCCCUGUGAAUGAGGUGCUCUAAGG,0
AGACAGACCUUAUUUUGGACUAAAAAAUAAGUCACAGUAAG,0
CUAUGCUGAUAGUUAUUUCCUCCAUGAUUCACUUAACAUAC,0
GAGGUGUACCCAACAGCUCAUUGAGAACGGGCCGGGAUGAC,0
AGAGGCCAAGGCAGGAGAAUUGCUCGAACCCAGGAGGCGGA,0
GAUAACGAUAUUCUAUCAGAUAAUAUAGAUAAGUAAAUGGC,0
GGUGAGGCCAAGGCCAUGCAUAUCAAUGAUAAUAAGUAUUG,0
ACAUAACAAAAUUUACCAUCUUAACUAUUUUAGGGUGUGCC,0
CCAGGCAGGGCUGGGCACAGUGGCUCACACCUGUAAUCCCA,0
GAUCCUGCCCAGUCCCCAGUUUUCCUGCCCUGCCUUGUGCA,0
CCUGGCAUACAGUAGAUGCUUAGAAAAGAUUUGAUGAGAGG,0
CACCCAACCCCCACCCUGCCUCUAUCCUAAGGAAGACCAAG,0
GUCUAGUAAUACUUGCCUAAUGGGUUUGUAUGAGGUCUAAA,0
AAAUAGCUCUGACCCUAUUUUCGGAGUAAUUUCCUGAAUCA,0
GGAAACCCCUUCACUGUUUAUGUAAGCUGAGAUGCGCAUUU,0
AUAAUGCAUCAAGAAACAACUGGAAAAUAUAAACACAGAAC,0
AGUAGCAUUAUUUUUACUGGUUCAAUAUCAAUGCCAUACCA,0
GUAAGAAAUGAUGUAAUGACUGUCUCAAUUGAAUAACUGCC,0
CUUCCUGGUAAUAUAUAUCUUGAGUUAAUUGUUCAAGGUAU,0
GGCCGCCCCCACGGCUCCCAUGGCCUCUUCCUGCGCUACCG,0
AUGUGGCUGGACACCCACUAUUACCUUGUAAGAAUUUUGUA,0
CUCCAUCCGGAAGCCUUCCCUUGGCCCCCGACCCUGGCCAG,0
UAAGUACUAAAAGAAAUUCUUCAGGCUAUAAGCAAGUAAAC,0
CUCUUUAGAACAGUCGGGUAUGCUGUUACAGUUUUAGAUAA,0
GAAUUACAGGCAUGAGCCACUGCACCUGGCCAUCUCAUCCC,0
UCCCACCUGGGGACUCCUAUUUCCAAAAGAAAAUCUUUUUU,0
UGGGUACGCAACAGGCAAGUUUAAGUUGGAAGUUUUCUAAG,0
AAUCUAAAACACUGUGCCUCUGCCUAGGCAAACAGGGUCUC,0
UAAUUGCAGUGGGUGGCUCUUGUUUGGAUUCUGAUUUGAAC,0
UUUUUGAUUGUUACAACGGAUGGAGUGCUACUGGCAUCCAG,0
CACACCAAUAUUCAUAUAUAUUUUAUAUGUAGUUACUCUUU,0
UCCCAGAUAAUUAAUGAAGAUGUUAAAUAAGACCAUGCUGA,0
UUCUUAUUCUUUCCUGCUCUUUUGGCUAGAAUACUCAGUAU,0
GACUCUGUCAGAUCCAAGUGUCAACCUUGGGAGUUUCUAGG,0
CCAAGGGGCCUCCAGCACCCUGUGCCACAAACAACACACUC,0
CUACAAAUACCUGGAGCAGAUGCAGAUUUAGGUGGCAGGGA,0
CCACCGGGCCCCUGGCAGGCUGAGACCACUCUCCCCUUCCU,0
GAACUUUGAAACCUAUAAAGUCAAAACUUUUAGGUCUUUAG,0
AUCUAGAGCUAGAAAAUUAUUGAAAUAAAGGGGUUGAUGGU,0
GAUGGGCUAGUUUUAACACUUUCUCAGGACUGAGAGAAUAA,0
AAGAACCUCGAGGGAAUGGGUGAGUGGAACCAGUGAGGAGA,0
AGAGCACAUCCCUGCCUUAUUCCUGAUCUUAGAGGGAAAGA,0
ACUACUAAAUGAAGUUAAAAUAUUAAAUGAUGACAGUGGUC,0
CUAAGUCCCUAAAAUAUAGUUCUUAAUUUUAGAGGAAGAGU,0
UUCAUCAGUAGUUUAAUCUUUUAUUAUAUGAUGACCAUCUU,0
CCAUGUCUUACGUUUUCUUUUAAGCUAAAUCAAGAAUCAUA,0
UGGGAAGCGAGAGAGGUACGUAGUUGUUAUUUGAGGCUAGG,0
UUUCUGCUUUCUUUGACAAAUGUUUGCAUGGUUUACUUUUU,0
UUCUCCCUCCCCCUUGCCCCUUGUAAACAUUAUUUUACUUU,0
CUUGUCUUUAUAGAACCAGCUUAAGUACAAAUAUUUCACAU,0
GGGGGAAAUUAGCUCAUGUUUCUUUCUCAUUUCAGGGUCAU,0
GAAUAAAAUCAAAGAACAUUUCCUGAACUGAUGAUACAAAU,0
AACGUUACCAGGAGCUGGAAUACAAAUGAGGACUUCCAUUA,0
AAGACUAGAAGAUGGCAAACUGCUAACAGCACAUAACUCAA,0
GGUGUUGUGGCACCAGCUUGUAGUCCCAGCUACUCUGGAGG,0
GGGUAACACCUAUGUUUAAGUGUGAUCUCCCCAGGGCAGAU,0
CCCCAACCCUAACCCUGACCUUAUGACCUUAUGACCUUGAU,0
GAUAUUUAGUUUAAAUGGCAUUUAAGGCUUAUUCUUUUUUU,0
UUUAGCGAUAGCCACACAUUUUAGUAGAAGUGGAAAAUAAU,0
UCGCUUUGAGGUACAAGGGCUGCAGCCUAAUGGUGAGGAGA,0
GUCCAGACAUUGGGAUCCAGUUAUGGUGCUUGCUCAAGGUG,0
GUCUGUUAAGUGAGGAGAGGUGAUGGCUAUCUGGUCAGUGG,0
UUAAACAGGAAGAGAUUAUAUGAUGAAUGGGAGCAUGUGAG,0
GGUGCUGAUAUAUUUAGAUGUCUGGAAAACUUUCAUGCUUU,0
GUCACAAAACUAGCAUAUUAUCUUUCCUAGAAGUCCUUUGU,0
UUUAAAUUCCCUAGACCUCAUUUAUGCCACAGAUACUAGCA,0
AGUACAUAGACUUAUUUCUGUUUUAUAGGAAAAAGCAGAAG,0
CAAUGGACUGAGGCCUUGGGUGAGAAGGCCCUGCUCAGCCA,0
GAAGACUUGGUUUUUGUCUUUGCCCCAUUUUAUAUUUGUAU,0
UCAUCCAAGCUGGACUGCAGUGGUGCGAUCCUAGCUCACUG,0
GGAGGCCAGCGAGUCUCAGUUCGCUGCUCGCUCAGAGCCGC,0
CACUUAUUUGUGCUUAUUUAUACUUCUAUAUAAUACUAACU,0
GACGUUGUAGGUGGCACCUCUGGUGAGGCCUGUCAGAGUGG,0
AAUUAUAAGAAGGAGUCUAUUGCCCUACAUUUGUCAACCUA,0
AUAGGAAAUAUUUACAGAUUUAAAUAUAGAAAGAAAGGAAG,0
CCCUCUCGGCUCAGCUGCUUUCCUUGAGAGGGCAUCAUAAU,0
UUACCUCAUUUAGCAUAAUGUCCUAAAGCUUCAUCCAUGUU,0
UAUUUCCUCAGAUCCCCAGCUUUCUCCUCUGCUAUGCAUUU,0
UAUAAGUGGGUGAUUUUUUUUCAAAGACAACUUCUAAACAG,0
GGCAUAGUGACUUGUGUCUUUAAUCCCAGGAAGCCGAAGCG,0
CCCAGGCUGUUUUCAAACUCUCAGCCUCAAGUGAUCCUCCU,0
AAAUGGUUAAAUAUAAUAUAUGAUAGUUAUGGCAUAAUUUA,0
CCCGGCUAAUUUUUCUAUCUUCUGUAGAGACAGAGUUUUGC,0
UCUUUGGAAGAGAUUGAAAAUUUGAUGGGUCUCUGUGGAAG,0
CAGUUCUGUAAUUACUGUUAUACGGAGCUUGGCAGUUAGGC,0
UGAUUUUCCCCUUUGUAAAAUGAAGGACUUUAACCAGGUAC,0
UAUUUGUGCAUUAUAUUACAUGGUACAGAUAAAUAGUCAUG,0
AGGUAGCUGAGCCCAGUAGUUCAAGACCAGCCUCGGCAACA,0
CCUGGCCACAUCUGUUACUUUUUGAUCUGUUCUAUACCUGG,0
UGACCUGCAAUUGCUGUUAUUGCAGGUAAAAUGUACCUGAG,0
GGGGUAGUGGUCCUGCCCUCUGCAAAUGAGGAACCUGUUCU,0
AUCAAUUUCUCCAGCCACAUUUUAGCAUAGGCCCUUCUUAA,0
ACUCAGACAAGGACCCAAGUUCUGACUUACAAGCACUGAAC,0
AUUUUCCAUUCUAAAAGUUUUGGAGAGGGAAAUCCAGGCUA,0
UGCAAUUCCCAUCAAAGUACUACUAUCAUUCUUCACAGAUC,0
AGUUAGUUUGUUUUGCUUUUUUAGCCAUGUUAACUUUUUGA,0
UCAACCAAAUUUCUGAACCUUUAGCUAGACUGACCAAUAAA,0
UGACAUUGAGAUAUUUAUUUUGUGAAACAAUGCAAGCGAUU,0
GUCCCAUAGUUCUUGGAUAUUUUCUGUUUUUUUUUUCUUUU,0
AGCAGAGGCCCAAGGGUCUCUGAGGAACAGUGCCACAGAGU,0
GAAUACAGACCUGUUGGUUUUGAUUUGUUUCUUAGUUUGGU,0
AUACUUGACAAUGAAAUCACUGUGCAGUGCUUUGAGGAUCU,0
UUUGGUUGUUUAAAAGUGUGUAGCACCUCCUCCUUCGCUCU,0
AGCACAUUUACAUUUAUAGAUAUGACAAAUACAUUUGUUUA,0
CUCAUCUCUAGUGGAAGCUGUGAUACCACUCCUCUCUACAA,0
GAUGGAAGCAAUUUUGGAGGUGGUGGAAGCUACAAUGAUUU,0
UUUUUAGAUCAACUUUACAUUGCCAAUGCCCAUGGUAUUCC,0
GCCUGGACAUGUGACCCAGCUGGAGACAGAGGGAGGCUAUG,0
AAUAAGGCUGGAUACAGGCAUAAACUUGGCAGCUACCUGCA,0
CUCAAUCUCCUAAAUGAUUUUUUAAAAUUUGCAUACAUGAU,0
AGCCAAUUAAGCCGACUGAGUUCCUUUCCUCAUGGGGACCC,0
AUGUCCUGAACUCAAUACCAUUUAUAUUUUAGUGUCAGCAC,0
GUAUAAAGCCAUUUAUUUCAUCCAAUAACAUAACUUUUGAC,0
UGCUGCUGCUAUACUUCUGGUUCUAAAAAUAAUGACAACAG,0
GGCAAUGGAAUGAGAACCUGUCUCAAUAAUACUAACAAUAA,0
UUCCAUGAAACUUCAAAUUUUAUUCCCAUCUGCUUUCCAUG,0
GUAUAGCUGAGGGGUAAUAUUUUUGGAGAAAAAGGCAGUUC,0
GAAGGGAGAAAAUUGGACUUUCCUUUUCUGUACAGCAUAAG,0
GCAUUGGAAGCAGGACCUGAUAGGUGGUGAUUGGAUUAUGG,0
AACCACACUCAUUUCAUGAAUUGUUCAUGAAUUGUUGAUGG,0
UAUCUAACUAAAUCAUUAUUUCCCCUCAAAUUAAUUCUUUC,0
AGCCACGAUGCCCAGCUAAUUCUUUAAAUUUAAUUUUUUGU,0
CAACUUCGUGUUUGGUUGAUUUCUUUUCUUUCCUUUUUUUU,0
AAAAAAAAAAAAAACCUCACUCUAUCCAGACCAGGACAUGA,0
UACAGUGCCCCAUUUUCUUUUGUUGUAAAGCAUCACUGUCA,0
GUAAAUACCAAGGAGGGUGAUUGCUGGAUUGUAUGGUAAGA,0
CCCUGCUUGGCUUCCAGCCCUACUCCCAUGACCCCUUCCUU,0
CUCUAAUUCAGAACUACAAAUCAACAUUUAGGGUCACAGCC,0
GUUCUAGUGCAGAUACUCUAUGGCUCUUAUAAUCACUGAGG,0
UAAUACAUAUUCAAAAAUAGUUUUGGUUAUAUUUAUAAUAA,0
UUGGUGUGGGGCGUCCUGCCUGUGGACACUGGCGACCCUCU,0
CAAAACUACCUGAACUAACAUUAGGGUAUAUAUUAGUCCGU,0
ACAGAUACACUUUAUCAAAGUGUAAAAUUCAGAUAAGCAUC,0
CUGCAGCAGCCUGGCCCUGCUCACCCACCCACUGCCUGGGC,0
CCCUACCUGGAGCCCACCUUUAUAGCUCACCAUAUAGAAUU,0
UCAUUAUAAAUUGUCUUCUAUUAAAACACAUAUACACAUAA,0
UUUAGUCACAUCUGAGAAUUUCUAAGCUGCUGAAAUUCUGA,0
AGGCUAUCUCUAUUGGCAGAUGACGUGAUCUCACAUACAGA,0
GAUCAACCAUGGGCCAAAAAUAGGCGAGUAAUGUACAAUAA,0
GUGAAGGGCCUCGGCUCAGUUACCCAAGAUCGGCUCCCCUA,0
UUGGGUUGAACGUAGUGAAGUUGUCUAAGCAUUUCCAGAGC,0
GUAUGGUAUUGAGUGAGGGAUGAGUAGAAAGGACAACAUGG,0
GGGCUCUGCAUCGUGACACCUUGGGUGGAGGGACUCUGGGC,0
CCACAUGAAAAGUGUAAACAUCUUUAUUUUCAAAGACAACA,0
UUGCUGCCCUCAAAGAUGUGUACUACAGACCUUUUAAGGAA,0
AGAUCACUUGGGGUCAGGAGUUCAAGACUGCCCUGGGCAAC,0
ACAGGGAGGUGGGACUUAGUUCCUCUUUGGGGGAGGCAGGG,0
ACUUUUGCUCUAAAGUCUGCUCCCAGAGAGGACUUGUACAG,0
CUGAAAUUUUGAUUCCAUGGUUUCUUACUCAAACCAACCCA,0
CAGUUUUCUCAGAGUGAACAUGCCUCGUAGCUUGGGUCCUA,0
GGAGCUCUGGGUCUGAGAACUGGUUGAGGAGCCAUGAAUUU,0
UGUGGCCACAUCGGACAUUCUCAAUCAAAAUGUCAUGGCUU,0
CACAGAGCAUCUGACACUGGUUCUAUUGAUUCUCUUCUGCC,0
ACAAGUUUCUAAAAUAUAGGUAAUACUAAAUGUUAUAGAUA,0
GAAUACAGCGCACUGAUGGGUCUUGACUCUUUAUCCAAUUU,0
GGCGCUCAGUGACGAAGAGCUCAACGCUUUCCAGGUGUGCC,0
UUUCACGCUUAAAAGUAAUGUUCGCAUGAGAAAUUCUAUGG,0
AGACAAAGAUGCAAUAUAAGUCUUGGUUGCAGUUUUAAAUA,0
CAUUUGUCGUAUAGAAUGAUUGGUGAUGGCCUGGAUGCAGU,0
UCCAGAGGCAUCCAAUUUCAUCAUUUCUUGGGAUGUUAUUU,0
UUCAUGGCAGUUAUUGAAGAUGUACUCGUAGGUAGAAUUAA,0
AAUUUAUAGAUUCAAUGCUAUUGCCAUUAAGCUGCCAUUGA,0
AUUCAAGUGCAUACUUUAUAUUUUUUGCAAAUAUUAAUGAG,0
UUGGCUUUGCUCUCUUUGGUUAAGAUGUGACUGCCAUCAUC,0
UUUCUUAUGAUUUACUUUCUUUCCACCCCUCUGCUUCUUGC,0
CAAAUAGAACCUCGAGAGAAUGAGAUCAGGGUGAUGAAGGA,0
CAACCAAGCAAGGCCCUUUUUAAAAAAAAAAAAAAAAAAAA,0
CAAGCCUACUUUCAGAUAUAUAAAUAGCUUUUGGAACAAAA,0
AAAACAGAUUUAUCUCCUAAUGGCAAAGGGAUACUCUCUAG,0
CUCCCAUUACAUGAGUUGUCUUUAUACAUUCUUCAGCUUCU,0
AUUGUCCUUUGUGGUUCAUCUCAGAACCUCCUCCUCCACGA,0
GCCAGGUCACUCACCACAUGUCCAGAUGAAAGCUCGCAUUG,0
AAUUUGUGACUACUUUUUUGUUCAUUAUCAUAAGCAGAAAG,0
CCUCUCCCUAGUGAAGUACCUGGCUUUCCUCCGCAAGCGGA,0
CUGGCAUGCUCAUAGGAAGAUGCAGUAUUCUUCAGCGAAAU,0
AAAGAGCCUUCCCUGUACCCUAAAAGUUUCCCAGAAAUUGU,0
UGCCUUGCAAAAAAAGCAAGUUGCAAAAGAAUGGACAGUAU,0
AAUUAAGAUUAAAUAAAAUGUACUUCUUCGGUUGUACUAGC,0
CAGGCGCCCUGUUCCCAGCGUGGCUGUGAGCCCCCAGUGUG,0
ACUGGCAAGCCUAAACCCUAUAUUGUUUGGGUUUAUGCUAU,0
AGCAUGUAUCUACCGCCUGCUGAAGCUCUAUUGCCGGGAGC,0
GAAGAAUGUCCUUCUGUAAUUUGGAAAUACAUUGAGAAUAA,0
UUCCAUCCUUUUAUAUUCAGUCUAUGUGUGUCUUUACAGAU,0
UUAAAGAUCUGAGUAGUUCCUAAAAGAAUAUGUUUGUUUCU,0
GAGAACUUCUCCCACUCACAUUCGAGUUUCCCGACCAUGAG,0
UAAUGGGUGUGAGAUGAUAUUUCAUUGUGGCUUUGAUUUAU,0
CCACCGUGCCUGGCCAUAGUUUCGUUUCUUUUCUUUCUUUU,0
AGAGGUGUAACACGAACAGAUGAAAACAUUUUAAAAACCAA,0
CCUCUGUGGAGAGAGUCCUCUGUGGGGGAGAGUCCUGUGUG,0
GGCUUUGAUAUAACUUCUGGUUUGCCUCAUUCAUUCAUUUG,0
CCCCCAUACUGCUUCCUCUAUGCAAUUUCUGCAAUAGCAAU,0
CAUAACUAUCACUAGCAAAAUAUUUUUUAAACACUUCAAGA,0
GCGUACUCUGAAUCUGGGUGUGGACAGUGCAGGCAGUGAAG,0
GGAAGUAUUUUGUAAGGGGAUAGGCAGGAUGGGUGUGAAAU,0
AGUUUCAGAAACUGAAUCCAUUAAAUACACACUUAAUCAAU,0
AUGUUCUCCUUUGUGGUUUAUUCCCUCACUUAUGUGUUUAC,0
AUAUACAUAAGCAUACAUAAUUGAAUGCAUUGUUGUCAUUA,0
AUGGCCCCAAGGAUACCCACUCCAGUAUCCCCACUCCCACC,0
AACAUGUCCAUGCUUCCUUUUGCUUCUAGAAGGCGUAUGUU,0
AAGGCAGAAACCCAGGUCCCUGUCACCCAUUCAAAGCCGUG,0
UUUGUCAUGAAUCUUUCUACUGGGACCAGGCCACUCCUGGA,0
GCAUUGCUCUCUUGAGUUUGUCCUUUCUAAAUGACAAUAUA,0
CUUUGCAAUCCGCUGAGACUUGGCUCGUGUGACAAUCUUCA,0
UGAAACACCCACCAUGAGUAUAAACAUUAAGAAACCUAAGA,0
UUUACCCCAUUAUCAUUUGGUGAGAGGGGAACCUUAACUCU,0
CCACAUGCAUGUAGUCCUUUUAUUUAAUGGACGGUUAAAUA,0
AGUUAAGUUUUCCAAUAAUGUGACUUCUUAAAAGUUUUAUU,0
UGCUAAGUGCCUUUUUUUCUUGCUACUUAAAAGAUAAUAUG,0
UUUCCAGCAGCACACUGUCUUGUAAUCCAAGGGGCCCUGGA,0
CUUAAAAUCAUCUGAAGACUUUUAAUAAGUUGCUGAGUUUC,0
CCAAGGCAAGAGAGGUGGCUUAAGGAUUCUAAGAAGCAUAU,0
UGUUUUGUUAUUUUAUUUUUUUAAACUUCCUAUUGAGCCUC,0
AGGAGGCUAGGCACAGCGGCUCACGCUUGUAAUACCAGCAC,0
CAGGCCUCUUCCGACCAAGGUGGAUUACCAGUGAUUACCUA,0
AUAAUCCAGAGAGGGAUUUUUAUUUCCAUAGACAGAUGUGA,0
CUGUAUCAAGUUUCUAGAGGUAAGCGGUGAAAAUCCACAAU,0
UUUAAGCAGACCCAUACCUUUCCAGGGUCAAAGUACAGAAU,0
UAACGGUUUUUUUCUUUCCAUAUUUAGUGCUUCCUUCAGGA,0
AAGUUUUUGUUUCAUUUUCUUUUUUUUUUUUGAGGCAGGGU,0
GGGCGGGGGGCCAGAGCUGGUGCUCACCCUCUCCUCCCCUA,0
CUUUUGUUUUACCUCAAGGAUCUCGACCAAGUUCUCGCAGU,0
UAUGUGAGUCAUCAAGGGCUUGCAUAUAUUCACUGAAGUUU,0
ACUCUUCUCAUUCCCAGGGUUUGCUGGAUUUUUUUGUUUAU,0
UAGGCCUUUUUGUAUAUUUGUCCUAGCUCCUAGCCCAGUGU,0
GCAGUUAAACCAGUUUAUAUUUUCUGGCUUUUAGACAUGGA,0
UUAAAUGUACGCUCUUACCAUAAUUGCCUUGUAUUGUGUGU,0
CACCUCUACCACUCAUGAGCUACAAAUAUCUUUGGCUAAGU,0
UAUCUUUUUGACACAAUCCCUGUCCUGUGAAUGGCAGGCAG,0
UUAAACCUCCUUCAUGCAAAUCUUCAUCUGAGAAUAUGAUU,0
GUUCAUAGCAGGAUUGGUUUUUCUAAUGGCUGUUCAUGUAG,0
UUUGGGACUGGGACCAAGUGUCCUAAACUGGCAAGUAGGGG,0
AAAUAAAGCCCUGGGAUCACUGUGUGUCGCCUCUGAGCCCU,0
ACUCUCUCAAGAUACAGGGGUUCCAAACUCAAAUGGACAUU,0
AUCUUAAGUGCAUGGCCCAGUACAUUUUGACAAAAAAAAAC,0
AGGUGCUUCAUUGAUCAAGUUUAUAUUUAAAUGUAGUUUAC,0
GAACUAUUAGUAAGAAUCCAUAAAGUAUUUGCUUGUAAAAA,0
AGGAAUAGAUUUGUCAGCUUUUAGUAGAACAUAUUAAUGAC,0
UUUAGAAAAUAAAUUAUAAAUAUCACAGAAGAGGUAUUUUA,0
ACUAAACACCUCCACACACAUCUUCCUUCAGAUCAGAUAAC,0
UAGAACCUAAAAGUAAAUAUUCAGACCAGCUAAACAUCAUA,0
GAGGCCGCCCUGCACAGAUCUGUACAAGGUGGGUGUCCGGA,0
AUAGUCGCAUUCUGAGGUACUGGGGUUUAGAACUUCAACAU,0
GGCCUAUUAGAUUUUUUUUUUUUAAUCCCAGAUACAUAAUA,0
AGGUGCAUUUUUAUUAUUUGUUUCCCAGAACCACCUGUGCU,0
AUGACUCACUUCUAGUGCCCUUUAAAAUUUUUUUGGCACAA,0
ACCCCACGAGGGUUCAGCUGUCUCUUACUUCCAACCAGUGA,0
GUAAGAAACAAUUUUUAAAUUUUUGAAAAAAAUUUUUAAAG,0
GUUCCAGCAAAAACAUGCAUUAAAUGUACUUGAAAAGUUUU,0
UCAGGUGCAGAGAGGUAAAGUCAAGGUCACAGAGCGGUCAG,0
CAUCUUAUUUUUAAUAUCAGUGCCUCAUUAGCUUACUAUUG,0
CAGCAGACACUGAAAGGAAGUUUGUGGUGUCCAGCACAUUU,0
UAUUGUAAACACAAUUUAACUUUUUCUAUGAGAGACAUUUG,0
GGCCCCAGCGGCUGCACAUCUGGCUGUGCGGGGGCCCCUUG,0
GCUUUGAAGACAAAACAGGAUGGAGUCUACGGUCCCCCAUG,0
GCAAGUCAAAACUAUUAGAAUGGCCAAAAUCCAACACACUA,0
AUCUCAGAUCCUAACCCUGUUCUCCAGUAUGGCCUUCUUGG,0
UUAAAGCUUUUAUUAAUAUUUGCGGGAAAGACUUAAGGUUU,0
UUAAAUGCCAAUUAGUUUUCUGACACUGCUGCUGCUUCUUC,0
GCAAGUUAUUAUAGGGUAGGUUAGAAAGUGAUGAAUGCAGC,0
CUUGGUAUGAAACCAAGAAAUAAUUUUGAGAUUACAAACUA,0
CUCCCUACCCGGGCUGCAGCUGCCACCCUCCUGUGUCCUGG,0
GGGUGGUCGCCAAGGGGACAUGCUUGGGCAAGACCUGGUGG,0
GAAAAUGCCCUGAAAUAAUGUAACCAGAAAUACGAAAAAAA,0
AAGCAGGUAUUUAAAAUUAUUUACAUAUUUUGUUUUGUGCA,0
UUCAACUAAUACAUGUCACUUUUUGUACAUGUUCAGGAGUG,0
AGUUACAGGUGUGAGCCACCUUGCUUUGCCCCUAUUCUCAG,0
UUUACGUAUGUACAUAUAUGUAUGUAUGUAAUUGGUUCUGU,0
GAAAAAAAUGAAUUAUUUCUUAUCAAUUACUUAGAGAUCAU,0
CACUCCUUUAGUAACACAUGUAGAUAAGUUACAUUUAAUGU,0
AAAUGAUAACAAUAAAAAGAUCAGGUUGCCACAGGUUGGAC,0
CCAACAGUCCCCCAAAGUCUUAUUUUAGCAUUAAUUCAGAA,0
CAGGCUCUAUCCCUCCUUCUUCACUCCCAGAAAAGAAGAAA,0
GUUAGGAGCAGGAAGAGACUUUGAAAAUAAAAGGGGGGUGG,0
UUGACGAACACGUGUCAGGCUUAAUUAGGGAUGCACGCGGA,0
UGGGCUUAACUUUGUAAGCCUAUUCUGCUAAUGGCUGAUGG,0
UGGUGGUAUGAAGUGCUGAUUGUGGGUUUGAUUGCGUCUCC,0
AAAUUAGUCCUGAGGAGGAUUACAGAAAACUUAAGAGUGGG,0
UUCAGUAAAGCACAGUCUCCUAGUUCUCUUCCUAUUUCUCA,0
GAUCAAUAAGCGUACAGAGAUGGAGAAUGAAUUUGUCCUCA,0
UUACGACCAUAGGCUGGGAGUUCUGGCCAGAUGGACCACAU,0
CAGGGAGGGUUUUUCUUUUUUUUUUUAAAUCCCAGGGAAGG,0
AGACUCCCUCAAAUUGGAACUGCCAGGUUGAGUGCCUCCGU,0
ACAGCUUACGGAGCCAACAAUUCCAAGACAGAACCUAUGUC,0
GGAAGGUAGAGUAGGAAACUUUCUCCCUUGAAAUGAGUGAA,0
AGUUCACCAGCAUCUCCUCAUUCCUGUCCUUGGGCUGAGGG,0
AUUUAAAGGUCAGUUAGGAUUCAUUUUUUGCUACUGCCUCU,0
CCUCGGUACAGCUUGGAGCGUCUCAUCCGCAUUCCGCACAA,0
UCCCAUGUCAUUAAAGAUUUUUUGAUUUGCAGUGAGCUGAU,0
AACUGGGAUCACCUCCAGCCUUGCUACAAAGGAGGGAAAGC,0
AUGACAUUUCUAUAAUCCUGUCUUGAUGUUGUAAAACUUUC,0
GCAUGGACAGUAGAGACCCGUUUCUAAAGAAACGCAAUAAA,0
CCCACCUAAUGUUUGUAUUUUUUGUAGAGGUAGGGUCUCAC,0
CGGCGCCUCGGGUCGACGUUUCCAGGCUGCCGCCUCCGCCC,0
AACCCCCACACCCAUUCUUGUGUGAGACAGAGAGGCGAUUA,0
UGGGGUUUUUUUUGUUGAUGUUUUUUUUUUUUUUUUUUUUU,0
GACAAAUCACUUGAAAAAUUUACUUAGAGUUUGAAAUUAUA,0
UGCCCUUAGAUGUCCGGGGCUGCACGCGCGCUACACUGACU,0
AGCCCUUUAUAAUACAACUGUUGGAACAACAGUUGAAAAUA,0
GGCCACUCACUUGAACCAGUUGGUGACGGUCAUCAUCACAU,0
AAAGGAUUAUGGAAAAACUUUUCCUUUUCUACUUUUCUAUA,0
AUGUUUCUAAAGAACAGCUUUGGGGUUUCAAAGAAAUUGUG,0
GGGCAGAAUGAGGGAGGGGUUAGCACAGUGGGCAGCAGGGG,0
CAGUUUAGUUCCCUUUCACCUGAUUUCAACCAAUGAAUGGC,0
UUGAGGGGGACAGGGGCGUUUAAAGCUAGAGUUGCGCAACG,0
CAUCAAUACUGGGGCCCAGUUAAAAAUGCCAAUACAGUCAU,0
CUUCUUCUAAAUAAAUGUCUUCCUCGGGAACUGUUUUCCUU,0
CUUUGUAAAAGCAAACCCCUUCCUGCACCCAUCGCCCCUCA,0
ACUAACAUAAGAUAGGGUCAUAAGAGUGAGCCAGAUAAAAU,0
UCAGGAGGUUGAGGCUACAUUGAGCCAAGAUCGUGCCACUG,0
UGACCCAAACCUGUGCAAAUUUGGAGCCCAUGCCUUCAAUC,0
CUGAGAGUCUUGGGUGUGACUGUUUGCCAUGGGACAGCUAG,0
CCGGGCCAGCCUCUUUCAGCUGGAAAAAACCACAAGCGCUC,0
GUAUCUCUUAGUCUGAUCUAUUAAAGUUUAAGGGAUCACCU,0
AAACAUUUAAAAGACACAUUUCUUUAUGUUCAUACUUCUAU,0
AGGCACAUCUCAGGCUCGUCUCCACCCCCCAAGGCAUGGAU,0
AGGGGAACAGGAAGGUCUGCUGGGGAAGCCUCAAAAACAAG,0
UCAAGGCCAUGAACAGAGUAUUCAGCCCUUGUUGCCUGGCG,0
GCCCCUCAUGGUUGCCUGGGUGCCAGCAGGGGCUGGGCAGA,0
UUCCUAGUCCGCUGCCAUUGUGCCCAUGUCAGACUAAGUCA,0
CAUGCUGACAUAAUAACAUUUUGGGGUAUAUAGGGUUGAAU,0
CCCAGCAUCCUAGAGGUAGGUGCUGUGUGACCUUGGGCAAG,0
AUAUGUUUUACCAGUAAAUUUGGUUCCAGUGGCAAAAGGAC,0
CAGUAGAAGAAUCACUGAAAUACUGUGUACACAGUGACAUA,0
CCUACAGAAACUGCUACCAUUUAAAAUUGUACAGCGUUAUC,0
UACAACAAUCAGUCUUCAAAUUUUGGACCCAUGAAGGGAGG,0
AUAUGUCACAAUGCCCUCUAUGGGCAAUACCGAGGCAAAAA,0
AGGUCUUGAAGACAGCAGCUUAUGGUUCUAUGCACAUGCCA,0
UUGGUAAACAGAAGCCUUCUUCUCUUCUGCCAUCUGCUUCU,0
CUGCCUUUAUCCCUGUGUCCUCACAUGGCAGGGUGGGGGGA,0
AGAAACAAAUUCCUAUUGAUUAUAAGUGACUUAGUCUAUGG,0
GAAACUCUCCAAUAUAUUUUUUGGGAAAAAAAGAUGCAACC,0
UCUCACUCAGCACCAUUUGCUUAACACCUGGUGAAAGCUCU,0
AGAUCCCACUGAGUCUACGUUAUAGUGAGUUGUAGAAUCAU,0
CCCCCAGACCCUCUGGGAGAUGACACUUCCCAGCAGGUUUU,0
UUGCUUCCAACUGUGCUAUGUUGUAUUGCUCUUUUCCUGGG,0
UCAUCAUUUUGACAGUUAAAUAAAAAUGCGAUGGGUACGCA,0
ACUAAAUAUAGAUACAGUGGUAAACCAGAAAAACUUUGUUG,0
GCCCAGCUAAUUUUUUUUUUUUUUUUGACGGAGUCUCGCUC,0
GAAUGUUCUUGUUUGUUUAUUGUCUGUCUUCCCCAUGAAAA,0
AAGGGACCACAUCUCACUCAUCCUGGCACUUAGUCCAGUGC,0
CCUCAACCUACCUGACUCCCUGUGCCUCUGAUUCUGCAGAC,0
AUGAAGUCAAUUUUAUCAUUUUUAAAUUUUAUGAGCCAUGC,0
UCUAUUAAAUUUAAAAUAAUUCCUUUUCUCAUGAGCUACUG,0
AUCAUCCCCAGUGCUCUCCGUCCUUGGGAGCAUUUUAUAUA,0
AGUCUGUGUGUGUGUGUGUGUGUGAGAGAGAGAGAGAGAGA,0
CCCACCGCAGGGUCUGACCCUGGCCCUCUGCCAUGCCCACC,0
UGUCACUGUUUCGCCAUCAGUGCCUAUCAUUGGGAGUUAAC,0
GUGAGGACAGUUGAGGGGCAUCACAAUGGGGUCACAGGCAG,0
UGACUUGGUGAUGCAAACUCUUUUUUGGUGCCAUAUGAACU,0
CAGGCUUUGUGGCAGGCACCUGUAAUCCCAGCUAUUUGGGA,0
AAUAAUUUCCUUUUUUUUUUUCUUUUUGUCACUCACCAAUA,0
CCAAAAUUCAUCUUAGUAUUUCACCAUGUUAUAUAUUAUUA,0
CUAUAGCCAAAUUGACAGCAUAAUUAAUGAACUGGACUGUG,0
UACUUUAAAAUAGAGCAGAAUUCUUAUGGGAAUGUGAAAUA,0
CCAGAAACUACAGGCUGUACUCUGCCAUAUGCAUCUCACCU,0
AGAUUUAGUUUCAGAAUGAUUCCAAUUUCAUAAUAGGAAAG,0
UCCUGGUUGUAUUAGUUCUUUUGUGUCCGGAAUUUAUUCAU,0
GGUGAGUGAGGACAACUUCUUUUCCUCCAGAACAUGGUUUC,0
GAUCCCGGUAAGACCCCACCUCCCUGGUGCAGCGGGACCAG,0
AUAUCAUGGUAAAAUAAACUUAACAUAAAAUUUAACAUUUU,0
CCAUGCUUUUAUAAUUCUCGUGUCUAUUUUUCAUGCUUUCU,0
CCUGACCAUCACCCAGGCAGUCAUCUUCAUCAACACCCGGA,0
AAAUGAGGUGGGUAGGAGCGUGGAACUGUUCACCAGACCGC,0
GGAACAAGGGAAAGAGCCGGUGAAGGGGCAGAACAGGCAGG,0
CAGGGAUUUGUCCAUCAUGGUCAUCGUUGGGUCUCUGAUGC,0
AAUGAACAGCACCCUGUGUCUUUGGCUCCAUUGGACGAGAG,0
GACCCAGCCCAGGGCCCUUCUCUACCCUCACAGCUUCUUGA,0
UUUCCCGACUCUAGAGAAGCUGAGACAAUAUUAAGUGGUAG,0
UACAAUUUCAGAGAAAAUGUUUCUACUUUGUGCUUAAUCUG,0
UGGGGUCCUCACCUCUCCAAUGUGGGCUUCUUCCAAGUCCA,0
AGUAGCCACGGUGUGGCAGCUGCUCUGAACCAGGACCUGGA,0
UUUUCUCUUGAAACAAGGUCUUGCUCUGUCACCCGGGCUCA,0
CUGGCUCUGCUCAGGAAGUCUAGCCAUCUGCUGAUGCCAUG,0
ACUGAAGUAUUAAUCUGAACUAUAUUGUUUUAAAUUAAGAG,0
CUCCUUUACAACACAGGUUUUUGAGAGGUUUUCAUACCAAU,0
AAUGGUUAAAACUUGUAAAUUCUAGAUUUUAAUAACUACAG,0
CACUUUCCUUCACCCUUAUCUGCACAUCUAGACAGUCACUA,0
CCCAGGAUUUUUGUUUUGAUUUUGAGCGUGGGCUGGAUAAG,0
GAAAAAAUAAUGGUUGUUUAUUUUUGUAAAUGUGAGAAGGA,0
CCGCUUCUUCUAGCUCUGGCUCCCCCGGCGCAGGCCAGAAA,0
GCCAGGGAUGGACAGCUUAUUACCCCUCCUUCUACUGGAAA,0
UGAGAUGGAGUCUUGCUCUGUUUCACAGACUGGAGUGCACU,0
AUUAUUUCUUAUCACCUCUCUGGUGAUUCUGCUUAAAGCCA,0
CCCAGCGAGUCCAACAGUGGUCAGUGGGCAUGAAGCAGAUG,0
UUUUCCUCUGGCUUCCUUCAUUCAGAAAAUUCUCUUGAGCU,0
GAAACCUGGGAAAGGAGGGGUUAGGGUAGCUUGGAGCUGUC,0
AUGUGAAACUGUGAGUCCAUUAAACCUCUUUUGCUUUAUAA,0
AGGGAUGUUUAAAGUCUGCAUAUAGCUUACUUGAUGUAUAA,0
UGUUAAUGUGGUAUAUUACUUUAAUUUUCAUUCAUUGAACC,0
CUAUAUUCAUUUAUCCUAUGUUGACCGUCUCUGGAGAGAUC,0
CAGAGGCAGAGCGAGAUGCCUCAGGAAAGCUUCCGGAAGUU,0
AAUUAUCAUGUGGUAAUGUGUUCAUUUUCAUUUUCUGCCUC,0
CUCCCCCAGUUUUACUCCUUUCUUAAAACUUAAAAAAAAUU,0
GCCUCAGCGUUCCCAGUAGCUGGGGCUACAGCUGCACACCU,0
AAUAUAUUUAAAUCUUAUUCUAUUACUUUAAGCAUAGUUUA,0
UAAGUAGUGUUACUUGUAGAUUAUUUGGAAAAUACAAGAGA,0
GCACCAUCAGAGAAGAGUCAUGAAGAAACAGACAGUACCAA,0
ACUACAGGCAUGCGCCAUCAUGGCUGGCCAGUAUUUUGAUU,0
GUGGCCUGUUCUCUGCCCACUCCCCACUCUGCCAGACUACC,0
UUUGCCUGAAGGCAUCUUCAUUUGUUUAUUUUCUCUUUAUC,0
GGGAUGCAAGGCUGGUUCAAUAUACGCAAAUCAAUAAAUGU,0
AGGGAGGUGUCAUAGAUGGGUACUAGCAUCUCAUUCACAAA,0
ACCUGAGAGGUACAGAAGGAUGAGGAAAGGAAGCCAGACCU,0
UGAUGUCUGUUUAAGUUGAUUACAGUGCACCCACGAGGCAG,0
AAAAGGGGGUAAUACGUAGUUUAUUAUUUUCCCAGUAUCCA,0
CGCGCUCACUGGCUGCCACCUCACCUAGCAGGCGUCACAGG,0
GGACCCAGCGUGGGCUUGGCUGCUGCCAAGUGUAGGAUCCU,0
CAAAGUGUGCCAUUUUAUACUGUGUAUAGUGAAAAAGUGUG,0
UAUUAAUAUUUUUUUCUUGAUGCCUUAAUGGUUCAUAUUAG,0
UUUAGGCUGAGACUCUUUUUUUUUUUUUUUAAUUUUUGUUU,0
CACCAGAAUGCGGGUUAAUGUCCGAGAGUGCCCUUCGGGCG,0
UAGCUACAGAAUGGGUCAGAUCAGGCUAUGCCUCAGGGCAC,0
GUAACCAAAAAUUGUUACUUUAUUCCUGUGAAGUAUAUUGU,0
UUGGGAAGAUAAGUGUCAGCUUAUCUGUGGACUGAACAGAC,0
AGCCUUCCGGCAGUGCUGGGUGUCACCAUGAGCUCUAAGGC,0
GCACGUAGACAGAGGUGGUGUUUGCACAAUGUGCAUGUCUA,0
CAUUUCAUGCCUCUGCUUUCUCUGGGUUUUUCUCUGCUCUU,0
CUGCAAAAUGGGUCUCUUUGUUGGCUGAUUUUUUUUUUUUU,0
UCACCACAGCCCUCACCCACUGCCACUCCCACUGACUCAGG,0
CCGAGACAUCGAUGUCGGCCUUGGGCAGGCUCACAUCCACA,0
CAUGUAAAGAAUAAAAAAGUUUGUUCAGCAGAGAAUACUAA,0
CCCCUUCCCGGGGCCCUCCCUAUACCCAUUACACACACGCC,0
UGCUGCCAGCGAGUCCCUCUUCGUCUCUAACCACGCCUAUU,0
GAAGCUUCCAACAAUGGCUCUGUUACAGUGUUGCUCUCUUU,0
CGAGAAGCAAGACUGUUUCAUGUGGAUAGAGUGAGGCUCCC,0
ACAGAUGGUACCUUCAUUGUUUCUGACAGGGACAGUUAUGG,0
GGGCACAACAGGGAGGUUGGUGGUGAGGAAGUUCCUUACUU,0
AUAUCUGCCUUCAGGGAAUUUGUAUUCUAAUUGAAGGGAGA,0
AUAGAUUACUUGGAAGUGUAUUUCUUCCAAACAUUUGAACA,0
UCAUCUGAUUCAACUUUGUGUAAUAAAAUGGCGAGUUGCUU,0
AAGGGGAGUAGGAUGGCUUCUGUCUCUGUAAAUUGAUGUCC,0
UCAAGGUCCAGUGUUUUAUCUGGUUAUCUGUGUCUGCUGUA,0
UGGCGUCGGUGGCCCACUGGUCCCUGGAUGUUGCUGCCGAC,0
GAGCUGCAGGGCGCUCGCGCUAGCCCCGGAGGACAUGGCGG,0
GGUGGACGAGCGGAUGCCAGUCCCGCAGCUGUUGGCCAGCG,0
CUGGAAAACACAUGGCCCAUUUAAAAAGGGGCAAGGCUACC,0
AUCCAUGAACUAAAAUAUUUUAUGCUAAAAACAUUCAAAUU,0
GCUUAAUCAUUUCUAGCUUUUUACUUAAAAUGAUGAGAGAC,0
UGUUCAUUGCAGAUGACUAAUUUCAUAUAUUGCAAAUAAAU,0
GCCCGGGCCCGCCGCCAUCUUGCGCGCCGCGGCCGCGCGCU,0
ACCUUCCUGUGCUUCAGUUUUCUCACUGUGAAGUAGAGCAA,0
AGCUGUUUUGCUUACUCAGUUUAGCUGAACAUCGCAACCCU,0
ACUGUAUGACUUCAGAGCUCUCCAGAUGAAGCCAUGUGUAG,0
GUUAAAUGUUAAUCAGUUCCUGUCCUCCUGUGCUUAAAACU,0
AUUUAUCUCUCCCAACUCCCUGCCUGCUCAGUAAAAUAUCU,0
CUUCAGCAUCUUUUCCAUGUUCUUGGAACUCAUGCAAUUCA,0
CAUUUAAAAAAACAGUAUGUUUUCUAAAUGUGAUACUAGAC,0
ACGCAUGCACUUGGCUAAACUAGACUGGGGAGGCUGGCAGG,0
ACUCCUGUCAAUGCUUUGGUUUCCAGAACCAGAUCCACUGG,0
CAGCCCAGGACAGCUUUGAAUGUGGCCCAACACAAAUUCAU,0
CCUAAAUUGGUAGCCUUGCUUCCUGAAGUUAGAGCGAUGUC,0
UCUGUUUUCUUGUUAGAAAGUAAACACUUGUUAUAAACCUA,0
GAAGGCAGCGGAGAAGUCUAUAAACUACUUCCAUUAAAAUG,0
GGGUACCCCAGACACCUUAGUCUCUCCAGUCCAGUCCCUCU,0
AACUGUGUUCCUGCCCACAGUGACUCGGCCGGUCCGGGCAU,0
AAGGCUUGGGUAGCCUUGCUUUUGACCUUCCUUCUGGAAUC,0
CAUUCAGGUUUGACUGUUUCUCUUUUAGUAAGAGUGGAUCA,0
GGAUACCUUCCAUAGUAACCUAAUCCUAUGGGAGCAGCUGU,0
AGUAGAUUAUAUAAAUAACCUAUUAAAUGAUUUUGGAAUCA,0
GUUAACUGUAGGUGUAUAGUUUUAUUUUUCCUACUUGGAAG,0
UCGGCCUCCCUGGCCCUGGGUUAAAAUAAAAGCUUUCUGGU,0
ACCUAGGUCUGUGGUCCAUUUCAGGUUAGUUUUGUGUAUGG,0
AGCGAGAGAGGCAGGGAUCUUGAGCAGAUUUUAUCUCAGUA,0
AAAAAAAUACAAAAUGAGGUUUCACCAUGUUGGCCAGGCUG,0
GUGUUCACAGCUUUGGGAUGUGGUGUGUGUGUGUGUGUGUG,0
GAAGUGGAAGGUGAGUAUGGUGGAGAGAGGGAGAAGGGAGA,0
CUCACCCACAGCCUGGGGCCUAUGGGAGCAAGGGGGCUCCU,0
ACCGUGGACAGGCUAUACAAUUGCUCUGUGCCUCAGUUUUC,0
AUAACACUCUCUAAACAUUUUCAUGUGGCGCUCUCAUCUAU,0
AGCUGCUCACCCAGUAGGUUUAGAGGGAGGGUGGGGUGGGG,0
AGAAUAUGACACCAAAAGCAUGAGAAACAAAGGAAAAAAUA,0
UAUGACCAUAUAAAUAUUUAUAGUAGAACCAUAUAGUAUUC,0
UGUUUGACACAUGAGGGAAUUGAAGAAAAGUGUAUCUGGCU,0
AUUCAGCCACAUUAGCUCCUUAGUGGCGGCUGCCACAAAGC,0
AGAACUUCCCUGUUUUUCCUUUCUUCUGCGUGGCCUUAUAA,0
ACAAGCAAUGGGGAAAGGAUUCCCUAUUUAAUAAAUGGUGC,0
CCUACCACAAGAAGCGGAAGUAUGAGUUGGGGCGCCCAGCU,0
UAACCAGUAGAGACGGGCCUUUACCCUGCCGUUGGGUGGGG,0
AAAAUAGCAAGAGUCAGUGUUCUAUCCACAGACCCACCACC,0
UUUACCUUUUAAAUUUUUUUUAAUUGAUAUCGUAAUUGUAU,0
AUAAUUCUUUCUAGGAAAAUUUGGGAAGCGACUUUAACACA,0
GCAGAAAUGGGGAUGGUUAAUGGGUACAAAAAGUAGUUAGA,0
CAAGGAUGAAGAAAUGACCCUGAAAGCAGCAAGAGAAAAAA,0
GCGCGUCUCUGCCGGGCCUAUCCGGCUCCAUCCAACCUCUG,0
UUAGAUAUCUGACUUCCAAGUGUAAAAACACUAAAAGUAAA,0
ACCUAAUGGGCAAAGUCUCAUAACUUCUUCUCGAAAUGUAA,0
GCAACUAAUUGGUUUAACUUUUUCCUAAUGGAAAUAUUGUC,0
GAGAACAGGAAGUCAAAUUAUCUCUAUUCACUGAUGGCAUG,0
AUCCAGCCACCUCUAGGCCUUCCCACUCCAGGAGGGACCCC,0
UGAGUUCAUUUACUUACCUCUCAUUUAUGGCCCCAUGUACA,0
CAUGAGGUGUGAGACCUAAGUGACUUCAUCUCUCUAAGCCU,0
CAGUCUUCUGAUCUGAUAUCUUCAAAAUCAUUAUCCCAUUC,0
AGGUACUAAAAUUAAAGCGUUUUCCUUUCUUCUGUGGUCUC,0
CUUGACCCUCUUUUACCCUUUAUUAGCUUUGCCCAGUAGAA,0
AAGUAAAAAGACAAGCCAAUUAAAUAAGGGCAAAGAAUUUG,0
CUAUGCAGUGUAUUUUUCAUUUCAGAUUUUGUAUUUUUAAU,0
GGCAAUUUUUUUUUUGUAUUUUUGGAAGAGACAGAGUUUCA,0
GGUGUUGACCUUAAGCAGGAUAUAAAUAACUCCCACAAGCU,0
GGAGGUCAGGCUGAUGCAGGUCCCUCCCAGCUCUCCUCCCU,0
AAUGGGAAAAAAAGUAAAACUGAUGAGUAAACCCAAGAGAU,0
CACAGCGAUCCUGAACUGUGUUCCUGCCCACAGUGACUCGG,0
UUAGUUAAAUUAUAUUGAUGUUAUACUGGAUUAGGAUUGAC,0
ACAAAAAUAGGCAUUUGCCUUCUGUAGGAGCCAACAAGGAG,0
GCUGAUCUUGGCAGAGCCCUUCCCACCCCAAAUGUUGUAUG,0
UCCUGACCUCGAGAAACAAAUAAAAAAUCUAAUAAUAAACA,0
CCUAAGGAUCUGAAUGUUAUUCAGGUUCUGCCAAUGAAAUG,0
UCAUAGAUUUCAUCUCUUUUUGGCUCCCUUCUGUUCCCCAG,0
GGAGGCAGAGAAUGAGGAGCUACCCACUGGCCCCAAGGUGG,0
GAAGGCUUCCUCACAUGUCAUCUAAGUGGAGGCUUGACAAA,0
GUGCACCACCAUGCCUGGCCUAAGUUUUUGAUAGAUACCUU,0
AUUAUUACUAUUAUUGUUGUUGUUUUGAGACAGAGUCUCGC,0
CAUGUAUACCCUCAUACAUGUCCUGUAAUGUGACCCAAUUC,0
CAUUCUUUCCAUUUCAAAACUGUAACCACCUCACUGACUAU,0
AGUAGACGAAUGUAGGUUACUAUCUCUUCUAUUUAAAGAUG,0
GCUGAAAAGGAAGGAAGAGAUCCAACACUUAAAUAAUAAUA,0
GGGCGUGGAAUGCGAGUGCCUAGUGGGCCACUUUUGGUAAG,0
CUUGGGAGAGAGGUCAGGCUUAUCGAUAAGGAUUUUGGAGU,0
GAGUCCCCUACAUUUAUCAAUUUAUCCCUCCCCUCUCCACA,0
AAGCAGUGUGUUGGGCACAAUGUAAGAGGAGGAAUGAGGCU,0
UUUAUACCACUUAAACUACUUUAGAAACAGAUUUCUUAAUG,0
CAGCUUACUCCCUCCCAUCCUGUCCUCUGUCUCCAAUAGGU,0
CUAAUCCAAUAGGACUUGUGUAUUUUAUUUUUAUUAUUUUU,0
ACCAUGAUGUUUAUAGCAUCUACAUGAAUGGAGAAUAGCUG,0
GUUCUCAAUCCAUCAUCUCUUGACAAUGCUAAAUUUACUAA,0
UCCUGGGUUCUUAGGAUUCUUGUGCCUCAGCCUCCCGAGUA,0
AGUUUGCAAGUAUUUCCUUCUUUUCCAUUUUUUUGAAAAGU,0
UAGGCAUGAGCCACCGUGCCUGGCCAUCUGGACUCAUUCUU,0
GCAGAAGCAAAAGAAAAUUAUUCAACACUACUACAAACUUU,0
AAAAUAAGUUAGAGGUGAUAUGUGGUAUUAAAAGAGAAGAA,0
UUCAGAUAUAAAAUUGGGGAUUUUAAAGAAAUGCGAGCAUU,0
UUAAAUUUGGGGCCCUUCAGUUUCCCUUCUGGACCAUGAAU,0
UAGAAUUGUUCAGGCUGGUCUCGAACUCCCAACCUCAGGUG,0
UUUAACUUGCAAAUGUGUCCUAAUAAUUAAGUAAUACUGAA,0
AUGGACAGACUCAGGGAGCCUUGAAGAGGGUGGGGUCUGGA,0
UUCUGGUGCUGUAGGUCUGUUUUCUCAUUUGAUCCCCACCA,0
CAGGUCCCACUUAUAUCAUUUACACUACUGCAAUAUACUUU,0
CUUCAAACUCCUGCCGAGCCUUCUCCACUGACAGCAUCUCC,0
UCGCCGACUUGUCUGGCAACUCCAAAGUCAUCUUGCCAGUC,0
AGCAUAGAGAGAGAGUGUGAUUGUGAGACAAUAAAGAAGUA,0
UGUAGAUAAAACCCUUUAUUUAUUUGUAUUUACAUCUGCCU,0
GCUCGCACAAAAUUCCUUAGUCAUAAUGAGCAGUUUUCUUG,0
GGGAGUGAACAAGCUGGGUUUGAAUGCUACUUCUCUGGGAU,0
GUGGUAGACCCACUGGCAGCUCAACACCCUCCCCUGAACUG,0
CAGCCGGGAUGUGGAUGAGAUUGAGGCUUGGAUCAGUGAAA,0
GAUGGAGACACAUUAGAUUUUGAGGAUGACACCGUUCAAUC,0
CAUUGUUACUUAUUUCUGGCUUUUAGGAGUUACUUCAGGCU,0
UGAGUCCAGGUUCCACCGUGUAAUAGCUGUGUGGCCUUGGC,0
AAGGGGGAGGUGCCACACACUUUUAAACAACCAGAUCUCAU,0
UAAAUGAGGUGAUUUAGUAUUAUAAAGAUGUGAAUUUCCUC,0
UGUCCACCUCGCAGGGCGGCUUCCCGCAGCGCCGCUGGUGG,0
GAGCCUCUGGCCACAGGAGAUAAAUGGGGAAAGGAAGGGAA,0
AUCUGAGUUAGAAUUUCUACUUUGUUAUUUAUAAAGUCUUC,0
CUAAACUGCCAGUCCAAGAAUUUCACCUCUAGCGGUGCAAU,0
AUCCAACAUGAAAAGAUUGCUAGUAGAAUUAAAUGAGUUAC,0
GAGCUGCAUGAUUUAGUGAAUUGGGAUUUUUCCAAAUAAUG,0
AGCCUUUUGAAUCUGACUUCUUUCACUUGGCAAAAUGCUUA,0
UAGUAUCUAAACUUGGCGCGUGUCUUCAAAGUUAAAUAUUG,0
GAGGCCUGAAAUGCUUUGGUUUGCAUUCCUUUAUCUUUCAU,0
UGGUUCAAUUAUAAGGGACUUUUACUAUUCAUAAUAAAAGG,0
UCAAAAUGUCAAUUCUGCCCUAUUUGACUGAUACAUUCAAU,0
UUCUUUGCAGCAAUGCCUCCUGCACCACCAACUGCUUAGCA,0
CAAGGGACAGUGAAGAGUGUUGCUAGGAAAAGAUCCAGAGG,0
UGAUGGAGUUUUAGCUACCUUCACCCUAAUUCUUACACUAC,0
UAGCAGGGAAGACCCAGAGUUGUAGAUUGAGAUUAGGGUGU,0
UGUAGCUAGGUUGAGAAUUGUACUUUGAAAAGUAUUUUCCU,0
UGUGUCAGCCUGCUUAGGGUUCGGGAGGCGUGAGUGUCGAU,0
UCUUAUUAGAAUGUCUAGGGUCUCCCAGGUGUCUCCAUCAU,0
CCAUCAUUCCAUCCAAACAUUAUGCUAGGAGGAAUAAAGAG,0
AUGCAUAUCUGAUUGCCUCCUUUGGAGAGGCUAAUCAGAAA,0
GAGAAUAGGAAAAACCACUUUGCUUGGUGUUUUCCUCUAUU,0
AGCACCAGGUCCUCCAGGGAUAGUUGGCUCUAUUCAGUCUU,0
UACUGAAGUUGCCUAUCAGCUUAAGGAGAUUUUGGGCUGAG,0
CACAAACUACUGGGCUCAAGUGACCCUCCCGCCUCAGUCUC,0
UAAUAUUCUCCUUACUCUCAUAAUUUAUAAAUGCUCCAAUC,0
UAUGGAGUGGUUCCAGAUGUUGCUUCAGAGGGAGAGAAGAA,0
CGUAGUAAGACAGCACAAAAUAUAAUCAUAAGUAGAGGAAA,0
CACCCCCAGCCCUACAUUCUUUUUUCUUUACACUCCAUUCU,0
AUAAAUGUUAAAAGUGAAUUUUCAGGCCGGAUGCGGUGACU,0
GGAUCUCCUAAAUUUGUGGAUUCAAUUUCUCACCUGAAAAA,0
CUGUGUAGUAUCUCAUUUUUUAAAAUUCUCUGUUUACUGGC,0
AACUACCAAUUUGAAGAAAAUAUGGGAGACAGAGAACAUGU,0
UUAUAAAUGGUUCUUUGAUAUGCAAGUUAAUAUUUUCAGUU,0
GUGGCAGGUACUGUUUUUUUUUGUUUUUUUUCCGGAUGGAG,0
AAACAAUUCCAAUCUCUACAUGCCCCUCCCUCCAAAAAAUA,0
UUCCUGAAACAUAGCUGGUAUCGACAAACAUUGUUGAGUGG,0
UGGGAAUCAGAGAGGCAGUUUAUCCAGGACUGUUCAGAGAA,0
CACCUGGCCCACAUUUCACAUUUAAAAUGAGAAUUACUUAC,0
GAGGUAGGCCAGGCAAUUUCUUUACUGCCAGUUUUUACACA,0
AUUAUGGACUCAACAUACUUUUUUUUUUUUUCCCAGUUUGG,0
AUAUGGUUCCCAGAUGCCCCUCAACAAGCUCUAAUUUGAGC,0
AAACUAUUGAAAUAAAAAUAUAAAAUAUUUUUAAAAGUUCA,0
AGUUUAGUCACAAUUUAAGGUCCAACCAAGUUCUGAGUAAG,0
ACUCCCACCCUACCCCAGCCUCCUUGGCAGCCCACCUGGUU,0
AUUUAGGAGCUCCUUGUAACUUUUCUCUUAGUUUGACAUUA,0
GUGGUUUUAUCUACUUUUGGUCUUUGAUGAUGGUGAUGUAC,0
GCAAUGUGUUCUAUCUCAGGUUCCUAAUCUACUAUUAUUAA,0
GAUCAGUAUUGUUAUCUCUGUUUUACAACUGUGGAACCUGA,0
CCUCUUCUCCUGCACCCACUUCCCACUCCUACUUACUGGUG,0
GAGGUCGAGGCUGUGGUGAGUGGUGACCACACCACUUCACU,0
UCUCAUUUUGCUAAUGGAUGUCUGUUUAUCAGUCAGAGACC,0
GUUAGGCUGUGGGAUAUCACUAGAAGGCCCAUGAAUUUUGA,0
AACUAAGCCAGAGCUGGUGCUCACGUGAAGACAAGGGCAGA,0
AAAAUAGUUAAGCUGAUCUGUAAUUAAGACUUCUGAUUCUU,0
GGCAACAUGGCGAAACCCCAUCUCUACAAAAAAUUAGCCAG,0
CCUAAGACACUGAUUUGCUUUCAUUUUCAAGUUUUCUCCAA,0
AAAAAUGGAUCAUAUACUCUUGAAAUGGGGAGAUGGUGCAC,0
CCUGUGGAGGUACCAGGAUGUACUUAAUUCCCUCAGCCUCA,0
AGACACAUAAAAGCUAAUGGUUUACUAUACACAGACUGUCA,0
AGAGAUUAUUUUCUGAGACCUAACGUACCCUAUAUUAUAAC,0
UCAGGUUUUAAUUAAACAUUUAAAUAAUAAAGUUUUAAAUA,0
CUUCUUUCUUGUUUGUUACUUUUCUUUGUAGCUUUAUUCUG,0
CCAGCUUGUAAUUAAGCCCAUCCAGCCACCUGGAAUCCUCA,0
CCCUCUAAAGAGGUGACGUUUGAGCUGGGACCCAAAGACCA,0
GAGCUCCCACCUCCCUCUCCUUGGGGUCCCCGCCACAGACC,0
AGGAGGAUGCAAAGGAGGCUUUGGAUUGGGAAGAAGGGCGG,0
CACGGUUCCCCCGAUGUGGGUGUCUGAGGCGAAGAAGAGGA,0
GCACAGCCCGAUUAUGAAAUUAAGGAAAUUUAAUCGUGAUU,0
GCUAACACAUCAACUUUCCAUUUUUUAACCAAAUUAUCCAA,0
UGUUCAUUUUCUUCACAUGUUUAGUGAUGAAAAAUUUCUCC,0
AAAUCUGCACGUCCUGCACAUGUGUACCCCUGAACUUAAAA,0
CUCUCCAACAGACACUGGUGUGUGUUGUUUCCCUCUAUGUG,0
AAACAUUUAUAAAUUAAAUGUAAAAAUAAAAUCUUAAAUCA,0
CGGCUGGCUGGGCAGGGGGCUGACUCCCCCACCUCCCUCCC,0
UUAAUUUCCAGGGGCUGCCUUUUAAGGUCAAUAGGUACCAA,0
AAUGUUCGUAAUUUGUAUAAUUUCUUUCUUUUUUAAAUUGA,0
UUAAAAUUCAGUAGGCAGAAUGACAAUCUUGAUAAUUUUUU,0
UGGGGAACCCAGAGUGAAGUUGACAGCCAGGGGCCCUGCUC,0
CUCUAUUAAAAAUAAAAAAAUUAGCCAGGCGUUCUGGCGCA,0
AAUAUUAUCCUGAAUCUCUUUUCUCUUCACAGAACCAACUG,0
UCCUGUUUAUGAAACCCUGAUCCCUCCCGGAUCCCUCAUGC,0
AGUUAGCUAUUAGUAUUGAAUUUCAGUAUUAGCCACUUAAG,0
UACUUAUGAUUACUAUUUAUUUUCUUUAAUGGCAUAAAAUA,0
UGGGGACCGAGUGACCCAUCUUCAACUGGAACCCUUCUCCA,0
GGAAGGAAGGGGAAGGGCUAUACAGGAUAUGGUGCUGGGGC,0
UGUAUAUAUACAGGCUUUAAUGUUGGGUAAAGUGAUUACUU,0
UCAGCCACUAGGUGCUCCAUUCAUCUCUCACUGCACAAUAA,0
GGGCAUCGGAGACUUAGUUGUGGAAUGAAGAGAGAAGGAGA,0
AGGGUAUACUUUACUGCCAUUUAGUGAACAAUUGAGCUUUA,0
UUCCAAAGAAGCUUGUCUUUUAUUUUCCUUCAGAUCUCCUA,0
AUAUCACAGGACCUUCCUGUUGCAUCUGUCCUGGCAACUUC,0
UUUUUCCUCAUUGGCCUGUUUUUAAUCCUGUGCCUAGAAGG,0
AGGGAUUCACUCAUGUUUCGUGUGUAAAGAGAGCAAGACAG,0
AAAUGGGUGAUAUUUUAAGCUAUGAAGUUUGUGGUACUAUU,0
AAUCCAAUUUGUCCAUGCUAUGCAAACCAUCUGAAUUAGAA,0
UCACUGGGCACACUCAGAGCUAGAUAUAAUUCCUGGAAACC,0
UCCUCUGUGGCCUCGUCUGCUUCCUCAGCUUGCUUCUGAGC,0
UAUUUCCUGAUCAUCAAUUUUAGACAUUAUCUACUUCACUU,0
CCAGACCGCGUGCCCCACCGUCUUAGCUUCAAUCCUGGCAG,0
AAAAAAGCAGUUUUAGUGGGUCUAUCAUGAUUUACAAAUGG,0
GAUCAAACCAGCCACAGCAGUCCCUUAAGCCAAAGCCUAAC,0
AGAUAUGUGAGCUAAAGCUUUCUUUGCAAGCUAUUUCUCAG,0
CUUACUUACUUCCUCCACUCUUCCCCUAUGGCUGUUCUAAU,0
CCCCCCGUCUGCCUUCUGAGUGUUUGAGGGUGUGUAGAGAC,0
CAGCCAGCAGCUUCCCUCCUUAUCUUUCUGCUGCUCUGUCC,0
GGCAAGUAAGAUACGAUUAUUUUGUGGCAUAAUAAGAUUUC,0
AUGGAAACAGCAUGGCUUCAUGCGGCACCAAGGGAUGAAGU,0
UUGGCAGACAGUUGAGAUUGUUAGAAAUUUAUACUGCACCU,0
UGGAUGGAUGGAUGGAUGGAUGGAUGGAUGCAUGGAUGGAU,0
CCAACUGGGUAUCCCGCAAUUCAAUUCAAUUCUGAAAUGUC,0
GCGUCAUCCCCAAGGUCAACUCCUUACUCCCAGCUGGGUUC,0
CUUCAAGUACUGGUAAAAUUUUCUACAACUCUUAUUUAAAA,0
UUGUCCUCCUUCAAACCCCCUCCCCCUCCCCCACCACAGAA,0
UUUCCAUGUAUUGAUUCCUUUCAAAGUUAUAUUUAGGAUUA,0
UCCCGCCUUUCCUCAAAACUUACCCAAAUUCUUGUACUCCA,0
CUCCCUUCACAUCUGAUUGAUCCUCAGAUCUUGCAGAUUCU,0
UGAAUGAAGGAAGUUUUGGGUGCUGCAGGAGGACAGGGUGU,0
AAAAAACCCAGCAACUUAAUUAUAAAACAAUUACUUCUAAU,0
UUAUUAACAUUUUACACUUCUAUUUUUCCAAGAAUAGAAGC,0
UCAUAUUUCCCUGAACAAUAUCCCAGAAGAUGCUCCAUGUU,0
CAGUCUCCUGACCAUUCUGUUUUCACUGAUAUAUCAGUUCC,0
CAAAAAUAGACAACUUUUUCUUCAGCCAUUCCAGCAUAGAG,0
CAUUUACAAUAGCAUCGAAAUGACUAAAAUACUUAGGAUCA,0
UUUCUGAGACCUGGGCUGCCUCUGGAGGUCUGAGUAUUGCC,0
UCUGAGCCUCAGGUCUUACCUAAGUGAUGGGGAAAUAGGAC,0
CACUAAACAGUUGAGAAAAAUAUUUAACAACCAAGGCAAAG,0
AUCUUGAGUUGAAAUGGAAAUAGUAAAAUAACUUACGAUAC,0
GAGGGGAUGCUGGGGCAGGAUAUUCGGGGACAGAGCCUGGA,0
CCCAGAGCCUUCCCUCUUAUUCCAGGACCUCCCCAGGGCCA,0
AAAAGUCCAGAGUAGAAACAUCUUUGUGUAGCCUUGGAAAA,0
CUGACCCUGAAUGUCCCUGUUUCUGUUCACCAGCAGAGCAA,0
CCACACUGCAUUGUUGCUGCUGGCAUUAGCAGAUGCUGCAC,0
UGAAUCCUAACUAUUUUCUCUUCUCUAAGACCACUUAUCCU,0
UUGGCUGCCGGCUUCAAACUUAGCAGCUCAUCAGUUUUCUC,0
UGUUAGGUUCUUUACUUAGUUUCCUGACUCCAGCCUCAUCC,0
ACACCAAAUUGGUUCUGUCCUAGUAUAACCCUGAAUCUUGA,0
UAAUGAAAAGCAACUUAAAUUCUUAAAUACUGAAAAUAACU,0
ACAGGUAGCUCUAGGAGGGCUGGCAACUUAGAGGUGGGGAG,0
GCAGGUCUGGCACUCUGUGUUUGUGGUGGGGGAGGAAGGCA,0
GAUGGGGAAGUGUCUCAAUUUGAGGGACAAUAAAUGAUGUU,0
GCUAUAGGCAAAUUCAGAGGUGAUUUCACCAUUUUCAAAUU,0
AGGAAGUGAUGGCUCUUACCUGGCUCUUCUUGGUUGGAAUA,0
UUGACUCCUCAUCGCUCCAGUUUCCCAGCAGCUGAUCCUCA,0
AAAAUUACUGUAGAGACAGGUUCUCGCUAUGUUGUCCAGGU,0
CUUGAGUCUCUAUACACUAUUCUGAAUCUCAUUAAUUAGUU,0
UUAUUUUCAUUUGUGUUUUUUAAUUAUAAAGUUAAUGUGUU,0
UCUCCAGCAGGACGCGGCCAUCAAAUAAGGACUUGGCGCAG,0
CCCACAUGUAGAGAUGAGGGUUUAGCCCCAGCAGGGCCCCA,0
GGAAGCCCAGAGUGGAGUCCUAGGACAUCAGAUCCUAAAGG,0
ACCAAGGAGUCACUUUUUCAUCUAGAUUACUUAGGAUUCCU,0
AGGUAAGGCAGGAUUCUUUGUUCGUCACCCCCCAGUCCUUC,0
GCUUUAGCUUCACUCUAAUCUUCUCUCUUUCUAAAGUUUAU,0
UAUUUGAUAAUACUUAUAUAUAUUUAUUGGGUAUAUCAAGU,0
AGAUAAGAGGUGAAUCUGGCUGUGAGAGGUAUACAGAUUUU,0
UUUUAGCAUGCAUGCUAAUGUAUUAUAACUAGUGCAUAAUG,0
GGUGCGUCACUGUGAUAGCUUCCCUGCCAGUGACCUGGGCA,0
UCUAUGCCUUAGUUUCCCCAUUUGAAACAUGAAGGCAUUGC,0
UCCAUUCCCUGCGAAGAUGCUUUGGGCUGAAAAUGGUUGGG,0
GAGCCAGGCCCUCCUCAUCCUAAUCGUCGGCUCUGGUGGUU,0
GGACAUUUGUUGAUAGAUUCUUGUCAUCAUAAAAAGUCCAG,0
CCAGGCUUCCUACAAUGCACUGCCUUCUGGAAGAGUAGAGA,0
UAUAUAUGAUAUAAACAUAUUCAUAAACUUGUUUGUUUUUC,0
GGAUUUCUGUCUGUUCUCUCUGUUUAUCUACAGAAGAAACU,0
UGCUGGCACCACUUGAAAGCUGAAUGUGGCUCAGACAGCAG,0
CUCAGGACCCUGCCAUUUUUUAGUCACCCUCUAGCCUAAGU,0
GCAGGUUAAUCUGUCACUCCUAAACAGUUCAAAAUUAUAGG,0
CCUCGAAAUUAUCAGCAUGCUUCUAUUAUACACAGAACAAU,0
CUUUCUUUUGAUAGAGCAGUUUUGAAACACUCUUUUUGUAA,0
GCACGGGCUCGGUGGAGAGGUCGGCAGGCGCCCGGGCCCUG,0
CGAAGUGGUUCUGGAAACUUUGGUGGUGGUCGUGGAGGUGG,0
UGAGAAGUGUCUGUUUAUGUUGUUUGCCCACUUUCUAAUGG,0
AGAACAAGAACAGACGCUUUUCAAAAGAAUACAUACACAUG,0
UGGCCUAGAAGAGACAUUUAUGCAAGAGGAACAUAUUGUUG,0
GUGGUGAGACAUUGUGCUCAUUCAUUCCCUGGAAAGUUUGC,0
GAUUUUUUUUACACCUGAUAUUUAGCCUGCCUAGGCAUAGU,0
CUCAGUUAUCCUGGUAAUUGUGUAUCUGCCCAUUGUUCGUU,0
AGACAACUAAAUGUAAGUAAUGUAUCAUUUCUAGAAUUUGG,0
GAGUUUAUCAUGGAAGUAGCUGGGCAUGUUCAUAUUCCUUG,0
AGGCAGGUCAGCCCUCACCCUGUGCCCCUGCGCUACCCUCC,0
GGUUUUUUCAGAUUUCGGAAUAUUUACAUAUACAUGGAUAU,0
UAAAUUUGAAUUGUAAAUGAUAGUUUAUAUUCAAGAAGUAU,0
GUGGGACUCAGAGAGAGGGCUGACCAUGUCUCUCCACUGCC,0
CUGUCUCUGACCCAGGAGUCUUGUGUCUUCUGCCAGCAUCC,0
UGGAAAACACGUAACUUGUUUAAAAGUUUUUCUGGUAGCUU,0
GCAAUCCUCCCACCUCAGCCUGAGUAGCUGGGACUACAGAU,0
UUGCUUCUACAGUUAUAUGUUAAUAUGCAUUAAUAUAUAUG,0
AAUGUGCUAAGUUAUAUUUUUUUAAUGUUAAACCAAUGUUA,0
CCAAGGCUAUGCUUGUGCUGUUCCCUCUGUUUAAAAGGUCU,0
CUGGAUUUGCUGAUGUGGGAUGUGCUCCUCCGGGAUUUCUG,0
UCUCUACUUUUUUAUACAUUUGAAAUUUUCCAUACGAUUCU,0
ACUCCCUCCUCUACUCUCACUGAACAGUUGUUCAGCACCAC,0
GACUUUUUAAAAAUUAAGGUUCCGGACCAGGCAUGGUGGCU,0
UAAAGGGAAUGCUUACCUCCUUUUUCUGGGUGCCCUUCUUU,0
UAUUACUAUAUCAUUUGUCCUUAACGCUUAUUUCUAAAUUA,0
UUCUUUUUGGUUUUUUGUUUUUUGGAGGGGUCAGGGUCUCA,0
ACUCCCAAAAAUACCCACAUUUUACUGUGGUCUCUCUCACA,0
GUGAAUGCAGCUGGUGAUUUUAGGUGGAAGUCAAUACUCAU,0
UACUAGAAACUGGACAGCCAUCACGGAUCAUGCCUGUAAUC,0
AAAGAUAUUUUUCUUUUUUUUUUCUUUUUUCUUUUUGAGAC,0
CGUUCACUAAAGGUGGGCACUAGGUAAAUUAUCUCCAUUGU,0
UACUUAGGGAGUGCCUGGGAUACAGCUGUGACCAAAGAGGC,0
AGGGAGCAGAGACGCUGGCUUUGGGGUAGAAAGGCCUGGGG,0
CACCAGCACCUGGUGACGCCUCAAACCCCCCAGGACCCAGC,0
AAUAAUCUAUACCAGUACUGUGCAUGCUUUUAAGCUUUAUG,0
UAGGAAAUACCUUUCCAAUAUGUGGUUCCCUUUUAAAAUUA,0
ACCAUGCCCAGGUAAUUUUUUUUUUUUUUUUUUUUGGUAUU,0
CAGAGGGCUGAGGAGGACCCUCUCUAACCAGCUCCCUGUCC,0
UCUUGCCAGGGAUAUAGGGCUGGUUUAACAUACGCAAGUCA,0
UGGGGUUGUUGAAAGUCAACUGACCGUAUGUGUGGGUCUAC,0
UAUUCAUUUUUUCUGCAUUAUUUUUCUCUGUUGUUCAGCUU,0
CCCAAGUUACUCUUUUUUUUUUUAUUUAAAGAGAUGGGUGG,0
CUGAGUUCAGGUGAUUCUCCUGUCUCAGUCUCCCAAGUAGC,0
CCAAGCUCCUUGAGUGGCUGUGCUACAUGUUUGUGUGUCAU,0
GUGUAUUUGUGAAACUUUUCUUUAAGUGUAAAAUUAUUUCA,0
UGGACCUUGACUGAGAGGAUUCCCAGUCGGUCUCUCGUCUC,0
UUUUAAGGCCAGGUCCUGUUUGGUUUGGGGCUUUACCUUAA,0
UAAUACCCAACUGUCAAUAUUAGACAGAUCAAUGAGACAGA,0
UCCAGAGACUCCUGCCUGCCUCAGCCCCACCCCGAGCAGAG,0
ACAUGCUGCUGGAAAAAUGGUGUCAACAGACUUGCUCAAUG,0
AAUGUGUAUUAAUGAAAACUUUGUUUUUCUUUCUUUCUCCC,0
UCACACAGAAUUUAGGUGCAUGGGCUCAGGUAUCUGGCUAA,0
UGAUCUCUAGAUGCUCUCUUUCUUGCAAAUCUACAGGAACU,0
GGCAGAGCUCCCAUAUUGGCUUUCUGACCCAACUGAUAAGA,0
GCCAUAGGUUGUGUUUUCACUUGAGGUCGGGAGUUCAAGAC,0
ACUGGGUGAGGGGCCUAGACUGGGGGUCCCGGACCCAGCCC,0
CUCUAGCUUUCCUUGGUAGCUUUAGUAACUUUCACUUCCUG,0
AUUAUAUUUUUGUUGGGGCAUAAAAUGGCCAAAUCAUCAUU,0
AUUUGGGAAAAAUAAUUAUCUUACAUUGAAACAAAAUUCUA,0
GCCCGUUGAUGUCCACCUCGUAGUAGUCCCCAUCCUCAUGG,0
GACUCCCACUAGGCCUUCUCUGACAGCACCCCAUCUGGUAA,0
AUCAACAGUUAUACCUAAGUUUUUUUGUCAAAAGGGAGUAU,0
UACAAUAUUAACCUACUUACUGCAGUUGAAUUCUAAAGUCA,0
GGGCAGGUUUCUUACCCAAGUGAGGCCUGACUUCAAGGUAU,0
GACCUCAUGAUCCAUCUGCCUCGGGAUUACAGGCAUGAGCC,0
AAAUAGCCCGCAACCAACUUUGUUCUCCUUGCCCUGGUUUG,0
UUCACACCUGAGCUUGGGGUUCAACAGCGUCCUAUUUAUUU,0
CAAAAUUCACCAAGAAGAGUUUCACUUGGGCGUUGAAAAGG,0
AAGAUCUAACUACUCCGACCUUCACAAUUCCAGCUACUUGA,0
AAAACAAAGCAUAAGCUGGAUGUGACCUCUGUCGAAGAUUA,0
AUUUGAAAUAUUCCAAGAAUUACCAAAAUAUGUCACAGAGA,0
AACCGGGGAGGAGGAGUGAGUCUCUAACUCCCCACGCUGUG,0
GCAUUCCCAGAUGAGUCAGAUGUAAACUUUUCUUGUGUUAA,0
GGUAACUCCCUUGUUCCUGGUGUCCGGAGAUCCCACCCUCA,0
AACAAGCUUCUGUACAGAAGUGCUUACAGUCCUCUGAAUGA,0
GGUUCCCCUGUACCACCACAUCGCCGACUUGUCUGGCAACU,0
AGGAGGUGUGCUGGAUCCCUUUUCAGAAAAGCCGCUUCUCA,0
AUAUGAUAGGAUUAAGUAAGUCUAGGCAGGUGUUAUGUUUU,0
UAAUGUUAUAAUAAACACUCUCAUACAUACUUCACUUGAAA,0
ACCACACCUGGACAAACCAAUUCUUCCUUCCUAUUUGGAAU,0
GGGCGGGUCCUUCUAACUCCUCCUCCCGCAGCUGGGGAGCG,0
CUUGAAGCCCUAAACAGAUUUUUAAAAAUUAUAUAUAUUUA,0
AGGGGGAGGCGGGCUGUAGGUGGAGGCAGGCCGGAGGGGGA,0
UUGACUCCUCUUUUCCUGGUUCUCACACUUCAAGCUCUGUU,0
GCGUCGAUGAAGAACGCAGCUAGCUGCGAGAAUUAAUGUGA,0
AGUUAAAUGAAUUACAUACAUUCAGACACCAAAACUGAAAU,0
GGUACUAUAAAGGUAUUUUCUCUGCCUUAUAAUCUUCUUAA,0
GCAGCCACCAGUGGCUUUCAUUGUUGAAGAUGGCUUAUUGG,0
CUAAUUUUUUUUUUUUUUUUUUAAUUUUUGGUAGAGAUGAG,0
UCUGUAGGCUGGUAGAGGCUUCCAGGAGGAGGAGGGGAUGC,0
GUUGUAUUGUAAUUAAACUUUUUAUUUUGAAAUUAUUGGCU,0
GGAUGACAGCUACAGCUUCCUCUGCUGUCCCAGCUUCUGCC,0
UCUGGGAGAUUUUAAAAAAUUAGUUGAGAAUGGAGAAAAGG,0
UCAAAAGGAUCAUGAGGCCCUGCUUUCCCGGUCUGUAUUCA,0
UGGGCAACAAAGUGAGACCCUGUCUCUACAAAAAGUAAAAA,0
GAUAUGCCUAAGCCUUGCCUUAGAGCAGGAAAUGGCCUUAU,0
AGCGCCCGGCCUUGCCUUUCUUUUAUCUCAAAGAUACCUCA,0
GCCCUAGGAAACUGAUGUAGUUUCUUUCUCAAAACUUCAUA,0
CAUCUCUGCUCUUGUUUCAAUACUGUCUAUUGAUCUGCUUG,0
CACACAGCUGGUCAAACAAUUUCAGCCAUGAAUCAGGCAUA,0
UCUGAGGGUUUUUGUAUUUCUGCAGGAUAAGUGAUAACGUC,0
UUUAGGACAAACACUGGUGCUGAUCGGGUAUGAUGGGGUUG,0
AGACGAGGUGGCCGAGUGGUUAAGGCGAUGGACUGCUAAUC,0
ACUGCACCUGGCCCUAAUCUUCUCUUCUUAUAAGGGCACAG,0
UGUUGUGUGCCAAAAAUGCUUAUCGUCACUCCAGUGCCACC,0
CUAUGGAGGUGGCAACAAGAUGGGGACAGGAAAAGGAGAUG,0
CUCAGGUUCACAGUGCACCAUGUCACUGUGCUAUCCUACGA,0
GGGUGGGCCCUAAAGUCUGCUACUUGAUCUGAAUCUAGACU,0
AGAUGAACACCUUAAAGAAAUUGCACCCCUCCCACUGGAUG,0
UUCGGUCAUGCCCUCAUCAGUAGAUUAAUGCUGUUACCAUG,0
ACCAUUACCUCAAGAUGCACUGCUCCCAGUUGGCAUAAAAU,0
UUGUUUUUUUACUUUUGUUUUCAUAGUAUCUAACUUGGUUA,0
AAAUUAGUGUUUGCCCAGGGUUUGGAGUGGACAGAGGUGAA,0
GCUGGUAUGGGAUGUUGGGCUUGGGAUACCAGGGUUUCGCA,0
AUACAAUUAGAAAAAUACUCUACUACAGAAUUUUAGGUUAU,0
UGAUGAACAGGCACAAGCGUUCACACACACGCUCCUCCCCC,0
AGUUCUCCUUGAAGAGGUCCUUCACGUCUCUUGUAAGUUGG,0
CACAUCUCUGCACACCUGGCUGAGGCAUUCCCAGACCUAAC,0
GAAUAGUAUCCCGUUGUGUAUACAUACCACAUUCUCCACUC,0
UCAGGUGCUGGGAAAGGGAAUUGGUGUGGGGGGUGAAGGGA,0
AAAUAAGACUUUAGCGUAACUGUCACAUGAAGUCCAUUUCC,0
CCCCAAGAAGACUGGCAGCUUAUCUUAGGAAUCUGAAUUGG,0
AAAAGGAAAGAGAAUAUUUGUGAUGAAAAAAAAAAUCAAGC,0
UCAAGGCAAAUUAAUUAAAAUGCAAUUCAAGCUCUUUGGAA,0
AGCAUUAAUCUCCUUGUUCAUCUCCAUCAGAGCUCUUGGAU,0
GCACCUGACCUCUAUGAUUCUAUUUUUAUAAAAAAAGAUAC,0
ACAUAGGAGGGAGUUUCAGAUGCCCUUACCAGAGUAUAUCA,0
UGAAAACAAGGGGUGAAGAGUAGGGGAUUGAGGAACAGCAA,0
CACAUCUAGUCUUAGCAAGAUAAAGAAUCAUCAUCAAUGCU,0
CACCUGCGGAUCACCUGAGGUCAGGAGUUCGAGACUGGCCU,0
AAAUGUCCACUCAAGUCCUUUGCUUCUGCAUUUGUAAGAGU,0
GAGGGUUGGGUCCUGGGGGAUUGGGGGUUGGGAAGUAAGAG,0
GCUGUAGUCAGUCAUUUUGGUUUUCUUCUAUAGCCAUUUUA,0
GCCAUGGGAUAGGAAAGGUAUCCUUUGAUGUGGUAAACCAU,0
GUAGAGAAAAUAGCAGUUAAUUUCUAUAUAACAGAUUACCA,0
CAGUUUUCAGACCACAUGAUUGAGUUAGAGAACCUGUUGGA,0
GCAUAGUAUUCCAUGGUGUAUAUGUGCCACAUUUUCUUAAU,0
UUAGGAUUUUUAUGUCUUCUUGAACUGAACUGACUCUUUUA,0
CAGUCCAAGAAUUUCACCUCUAGCGGUGCAAUAUGAAUGCC,0
CUGUGGAACUGGAUGAUCAAUGCUGGCUCCAGAGAGACCAG,0
UUCAAAUGUUAAACCUACAUUUUAUCAGCCUAUGUUACAUU,0
CACCUCUCAUUCCAAGCCUUUCACAUGGAGAUUAUAUUAUA,0
AGGAGGCCUAGGUGGGAGGGUCACUUGAGUCCAGGUGUUUG,0
AUAUCCCUUACAGUCCUCAGUCUUCAGGAAAGGUAGAACGG,0
UUUCCCUACGUACUCACUACUACAGCAAAGAUAUCAAACAU,0
GGGCGCCUUGGGCAUGGGCCUCAGACGCAGGCUUUCUUCAG,0
GCCAAGGUAGCUGAAGACCUUUUAGACAGUUCCAUCUUUUU,0
AAGAUUUAAAAUGAAUGAUCUAUGCGUUCAUACUACAAAGU,0
CAGAACCUGGGGAUCAGAGGUUUUGUAUAAUGAUGACACUU,0
UGCAGAAGGUGGAGGUGCAGUGGAUGUAGGUGCAGAUGGUG,0
UUCAUUUCUGUUUACAAAAGUAUAAUCUACUAAAUUGUUGU,0
GGGGCCCACCCUCUUGGUGCUGGCCUGUCCACCGGAAGCUG,0
GGCAGGUGACAGUCUGCAUGUGCAGUUUUCAGGUAAAUAUC,0
UUUUUGACCUUUGACACACAUUUCUGAUAAAGCAGCACAUC,0
GAGUUGGAAAAUCUGAAUAUUCACAAAAGUUGAUCGAUGGC,0
CGUCAUCCUGCCUCAUUUCCUGGCCCCUGCAAUCACUACUC,0
AUCAAAAUUUAAAAAAUUCCUUCUGUAUAUGUGCUACUGAA,0
UUGGAGUUCUGUUAAGUGUUUCUGGAACGAUUUGAUUCUGU,0
CCUGACCCCAAUUUUUUUUUUUUUUUUUUUUUUUUUUGAGA,0
CUUUUAGGAGAGACGCGGUUUUGCCCUGUUGGCCAGGCUGG,0
UGCAUGGGCCACUCCCCAUCUCGUCCUGCAGAGGUGCAGCU,0
UAGUCUUUUCAAUUACUGUGUUGCAUUUCAUUUUAUAAAUA,0
AAUAAAGAGCAUUAAUUAGCUGGGCGCAGAGAGGUGGGACC,0
UCCCUUCACCUAUCCUUGGAUUCCCCUUUCUUGGCAUUCUG,0
GAAGGAACUAUCUGUUCUUAUCUUUUUUAUGCUUCCCCAGA,0
UCUACAUAUAUCCUAUUGAUUCUGCCUUUCUGGAGAACCCU,0
GGAACUGGAGUAAAGGUCAUUCUUGCUAUGCAAAGAGGCUG,0
UCUUUCGGGAUUUCAUCUAGUCCACUGGUCCUCAGUGAGGG,0
GCUGUCUCGUAGAAGGCCUGUGGGGACCGGGCAGGUCAGGU,0
GUCUGUUACUGGAAAACCACUCAAAUGGCUUAUCCUGCAGG,0
UCCACACUGACAGGCAGAGUUCCUAUUCUUGUUGCAUAGUU,0
AUUCUCAAUACAAAAGACUCUGAUGAGAGCAACAUGGGAGC,0
AAAAAAGAACAACAAAAACGUUCUGGAAUUUUCUAUUCUUU,0
CCUGUGUGCAUGCGUUAUUUUCUGAGCUAAAUUCCGGGACC,0
CUUUCUGGCAUAAAUCUUUUUUUUAUCCUCUAAGCCUCUUC,0
ACCCACAUGUGCCACAGUCCUGGGGAGGCAGCAUGGGCUGG,0
UGCCUGCCACCAUGCCCGGGUAAUGUUCGUGACGGGGUUUC,0
AGGCAUGUAUUCUUUUAGUAUGUAAAAUGAAAUAGUACCUU,0
AAUCUUAUAACCAGUUCUCUUCAAAUUGGAUUCUGGAAAGC,0
CACCACACCCAGCUAAUUUUUUGUGUUUUUCUAGAGACAGG,0
GAUGACCUCAACAAGGAGUCUGAAGAGGAGGUUGGCCCCAC,0
GAAAAACUUUAGCUUGGUGCUAGCAUACCUUUAACACCUCU,0
AGCUAAGGAUUUUGAAGGUAUAUUCAAAAUGCAUUUGGAAC,0
CUGGGACAGAAUAUUUUAUUUUUAUUUAGUUAUAUGUAUUC,0
UGUUAGUAGGCACCAGAUUCUGUUUGCUCGGAGACUACAGC,0
GAUUAAGAAGUACAAGACUUUGAGGAAUGUUGGAAAUUAAU,0
GGGCCCAGGCCUCAGGGCCCUGCGCCAUCACCCACAGCUGG,0
CCUUCUCUGUCACCCAACAUUCCUGGCAAAAACACACUUCC,0
UGACUGUUAACUUUAACUUCUAAACAUUACAGGAAUGGAAG,0
CAUUUGUCAGGUAAGUUGUAUUCUAGACAGUCCCCUUUUUU,0
GACAUCGUUUGGCCUCCCUGUGUUUUACCUGCAUCUGUCCU,0
CGGGGACCUUUUGUGGGAGGUGCUGGGAGGGCACCGGGACC,0
UCGUGCCCACAGCUAAGUGUUUAAUAGGAACAAUGUGACAA,0
GUCCUGGGCCGAAUGCUCUUUUAGCGCGGUAGAGUGCACUU,0
AGGGUCUUCACAGGUCUCUAUGGUGAUGGUCGCAGGAGACC,0
GACCAUCCUGGCUAACAGAGUGAAACCCCUUAUUAAAAAUA,0
UUUUAGGAGUCACAUUCUUUUGUCCUUUCUCUACUUCCUUC,0
CCUUGCUGAGCGACUUCACUUCUCUGGGCCUCAGCAUCUUC,0
AGCAGAAAGCAGUGAAAAUGUUGAUUGUCCGGAGAAUCCUA,0
UUCUUUCCUUUCCUUGGCAGUGCCAAGUAUCUAUCAAUAAG,0
AGCGGGCAACCACUUUUCCCUAGCUUUUCCAGAAGCCUGUU,0
CUGCUUCCCCAAACCACCUGUGACGCUUCCGGUGCUUUCAU,0
UGUCCCCAUUACCCCAUUUCUUAUUUCUAGAUUCUCACACA,0
AAAAUUUAGCUUAUCUGGUAUAAAAAUAAUAAAAGAAGCAU,0
UUUUUUUUUUUUUGUUUUUUUUUUUUUGAGGGGAGACAGAG,0
AUUCCUUCUUACUGAUAUUGUCAGUCAAUAUAAACACAGCG,0
UACUGUGGUCACUUAACCAUUUCCACAAAUGUGGCAUGGAC,0
CUAAUUUUUUAGUACUAAAGUAGAUUACUAAUUUUCUUCAA,0
AUUUCUGCAGUUAUCCUACAUAAAUCUCACUCAAACAAGAA,0
CCUCACUUGUAACGUGUCAUUAGAGUAUGAGAAAACGUAAG,0
CAGAAUUAAACAGAGCACGAUAGGACAUUUGUUGAUUGUAU,0
UGCAGGGUUUUUUUUUUUUUUUUCAAAUGGAGUCUCACUCU,0
UCAAGCUCAUGUGGCCUGGCUGGAGCGGCAAGUGACAAGCA,0
CUAUUGGGGCAGAGCUCGCUUGGGGAUGAAAUUCAGAGUUC,0
CUGAUUUUUUUUUUUUUUUUUUUUUUAGAUGGAGUCUUGCU,0
UAGAACUAGCAAACAAUAAGUAAAUAAACUAGAAACAACAC,0
AGGAUAGUUUUUUUGUUUUGUUUUGUUUUUAUCUUGUUUUG,0
AUUAUAACAAAAACCAACAAUGCUGUGGUCAGCAACUAAUC,0
ACAAGCUGUUGACCUUACCAUUUAUCUAACUUAAAGUACAA,0
AUAUACAUAGCAUUGUCUCAUCUGCUUUGGGCUGCCCUCUC,0
GACAGGGAGGGGUGGGUGUCUAUUUUUAUACCUCAGAAGCU,0
GGGUAAAUAAUUAUCUCAUUUCUGUAAUCUUUCUUAAAUGU,0
CCGCGGAGCCUCGGUUGGCCUCGGAUAGCCGGUCCCCCGCC,0
ACCGCCAAAGCCACAAGUUAUUCAACCCCCUCAAUGCAGGA,0
AAGGAGUCUGAAGAGGAGGUUGGCCCCACAAAAGAGUCCGA,0
AAUGUGCGUAGCUCAUUAAUUUUUAGAUUUUUUUUCUAUAU,0
GCUCCGAACCUUCAGCUUUUUGGGCUUUGAGAUUGUGAGAC,0
UUUGCUGCUCUCCUACACAAUCCUCCCACUGCAUAUUCAGA,0
GUGAGUUAGGCCAGUUUUCUUUGUAUUACUGGAUUAUUCAA,0
CCCGACAAACCACAGCCCCCUCUUUGGCCCUUGUCUGGGCU,0
CCUGUGUCCAAGUGUUCUCGUUGUUCAGUUCCCACCUAUGA,0
UAAGGCAUUUUUUGAAUAUCUGGCAUUUUUCCAUAGGUGUA,0
GACUUUUAAACCUUUUAUUCUCCACUUAGUGGCAUAAAGGA,0
CUGCCUGCAGGGGAUCUCCCUCAGGCACCUGGAGGGGCUGC,0
AAGAUUUCCUUUUUUUUGUUUUUGUUUUUGUUUUUUAAUAU,0
AAUGAUUCAGAUGGCUUAGAUCUCCUUAAAAACCUGUCAAG,0
UUUGCAAAAUUGGUUCAAAAUUAGACUAUCUUUCAAUAUGA,0
AACCAUUGUGCAAGACAGUGUGGCGAUUCCUCAAGGAUCUA,0
GGGUCAUUUAACCCAUUACAUUUAACGUUAAUAUUGUUAUG,0
CUCCACCAGACUAUAAGCUUUCUGAGGGCUGGAUGGCUGUU,0
UACCAAGGCUGGCAUCAGGCUGGCAUCAGGUCGGCAAGGGG,0
UGGAGGCCAAAGCAACUCUAUCUUGGGUGCUGAUAUUUGCC,0
AGGAUGCUAUAAAAAGGAAUUUUAAGAAAAUAAGACUGUUA,0
UCUCCUCCCUUCCUCAGUCGUAGCCCUCCCCCGCCGGAAAU,0
CAGGCUGGAAUGUAGUGGCGUGAUCAUGGCUCACUAUAGAC,0
GGGCUCUGGGUUUGUUGUUCUUUUUCCUUUUUGAUGACAAG,0
ACCUGCCAUGGAUGGCUUAUUAGCGUAGGUUACAAUGAUGA,0
ACGCCUGUAAUCCCAGCACUUUGAGCGUUCAAGGCAGGUGG,0
UACCGCAGGCGGGUUUGUUAUGUUGUUUCGUAGAGAUGAGG,0
UUUUUUUUUUUUUACAGACUUCACAGAGAAUGCAGUUGUCU,0
UCUUGGUAUUUUUAAUUAUAUUUUCUAGAUGGUUAUUACUG,0
ACUUUUGAUAAUACAGUUGCUCACAGCAUCAUUAAGACUAA,0
CUUUCUUUUUGAGGAGUAGGUCUCAAAAGUGGGCUUAAAAU,0
CAUUUGUUAACAUCCUUUUCUUUCAUAUUGAAGAUCUCCCU,0
GAAGAUUCAUUCUUUUGAACUGAGCCCACAUUUAAACAUAU,0
AUAUAGUGUAGCUCUUUUUGUAAUCAAUGCACGAUACAAAC,0
CGAACAAUUUAUAUUAUCUGUGCUACUUUCUUCCAGUGAUG,0
UUUGCCUCUGUCUCUGACUCUGUGUGUCUCUUUCUCUUUUU,0
GCCUGGCCUUUGCUCCGUUCUUUUUUUUUUUUUUUUGAGAC,0
UCACACAAAAUAAAAAUAUUUGUCUUUUGGAAUAGCCGAAA,0
UAAAUAGAUGGCAUUGAUACUUGGCAACAAACUAUUUGUCA,0
GGGGUUGUUCAGAAGAACGGUGUUCUCUGUGUUUGUGACGG,0
CACACUCGCGUGGGAGGCCGUGUCUACUUUAACUAUGUAUC,0
CCUCCACCCCAAGGGCGCCUUCGCCCAGCCCCGGCCAGCCC,0
UCAUUCUCGAGCCUUAGCUUUCAGCUCCAUCAACUCCUUUA,0
GAUUUCCUCCAGCUACAAAAUACUCUGCAUUAUCAGUUUUU,0
UUCUUACAGCCAGAUAAAUAUAAAAUGCGCCACAACCCUGG,0
CUACUUGAUUUUAGCAAGUGUGUAAUUGGAAUACAUUCAUA,0
UAAUUAACCACAUCAGCAGGUUAAAGGAUAAAACACAUCUA,0
CACUUUACAAAAUUUGCAUGUCAUCCUUGUGCAGGGGCCAG,0
UUGGUACUCCAAAGAGAAUAUUCUAUUUUUCCAUCACAAAA,0
ACAGGGUCUCACUCUGUCACUCAGAUGGGAAUGCUGUGGCC,0
UAACUUGUUAAAUAUGUAUAUUUAAUCAACCUGUUGUCAUA,0
UGGCCACGCUCCUUCCGCCCUUCUCUGCCUUCGAGGGCUGA,0
UUCUGUCUAUAAUUUGGGUAUAUUGUGUGGUAGAGUGUUUU,0
GCAUUUUUAUUUCCAUUUUCUUUGAGGCGGAGUUUUGCUCU,0
CAAGCAAGGAGUCAGUGUCUUAGCCUUGGCCUUCAGGGCAG,0
GUUGCUGCACUGCUGUUCUUUCCACUAAUUUUGGAAGUUGC,0
CCCUCCAAUGGGUAAGCCUGUGCCCUAGGGUAGGUGGGAGA,0
CCUUGGUCUAUGUGCUGCACUUUGUCCACAUCCUUUCUCAA,0
GGCAGCCGUGGUCCAAAGUGUAAGUGGCCGUAUUCCAGUCG,0
UGGGAGCCUCUGGCUCUGCCUGUGGUGGGCUCCUGCCCCGC,0
CAAGCUAAUUAACAUCUCCAUCACCUCACAUACCUAUCUUU,0
CCCCAUGCCUGCUGGAAGGGUCCCGCCUGCCUCCCCUCGCC,0
CAGGUGGGCAGGGGCCCUGGUUGAGGUGACCAGAAAUCCCA,0
UUUCCAUUUUUUCUAGGGUGUCUCUGUUCUUAGAAGUACAU,0
UCCCGUUAGUUACAAACGUCUAGAGUCUGGGCACUACUUCC,0
ACAGAUGUAAUUCGGCGUCGUUGUUGCCCUUGGCCAUUGGC,0
CAGGGUCGCUGCUCACGCUCUUGGCUUUGCUCUCUUUGGUU,0
GAAUCAUAGUUGGAUUAUCAUGAAUAUCUAGGUUUUGUGAU,0
AGGUGUUUUGUUUGUUUGGUUGUUUGUUUUGAGACAGAGUC,0
ACGCGGAUCCUUUUCGGGGAUCCUCGCCCCGCCCCAGUUCU,0
UCCUAAAACAACUCCUGUUAUUGCUUGAGCCAUAAGCAUAG,0
UUGGUCGCUCGCUCCUCUCCUACUUGGAAAACUGUGGUAAU,0
AUUUGGUUUAGUAUUACUCGUGAGUUGGUGGAUCAGAUGAA,0
UUGUAAUCCAGAAUACAGAAUAGUCAGAGAAAAGCAGAAAG,0
CCCGGCCCGCCGCCAAAGACUAGGGCCUGAUGUUCCGCUAC,0
UAUUUCAUCAAAAACAGCACUGUUUUUAAAGAAAACUGCCA,0
CGGACCCCGCAGUUUCUUGGUGUGCCUGCUGUUCCUGCUGG,0
UAUUUUAAGUCAGUUUUCUUUUAAUUUCAUGAAAGCAUUUU,0
GUGGUCCUUAGUGCAAGAAUUCAGUGGAGGAGGUUGUGCAG,0
CUGGAGAAGUUAUGGGCUGGUGAUUUGAAAUGAGCUCCAGG,0
GUCCCAAAUGUGCAGCUACCUCAUAGAAAAGGCUUAACCCC,0
UUGUCCAGUCUGAAAAUCUUUGCCUUUAAUUGAUUUAUAUU,0
CUAAACAUUUCUCCAAAAGUUCAAAAGCUUUGCACAGUCUG,0
UUUCUUCAGGGACGCUGCCCUGCACAUUCUCCUGCUGCCAC,0
CACAUACCCAAACAACCAAAUCUAAAACCCCUUCAGCCUUC,0
AAUGAUCACUUUUUUCUUUUUUAACAGAGACAGGGUUUUGC,0
GAAGAUAGCAAGCCCUGCCUUACUUGGAGAAGGUAGUCAAG,0
CUUUGAGGCUAUUCAUGUUUUCACUGCCUGGUUUUCUGGGU,0
CAUGGGAGCCCCUUUCUGCUUGCUUUAGAGAAAUUUCCCCA,0
CUUGCUCUGACUGGGGCCUCUUUUAUAAGGGAAUUAAUCCC,0
UAGGGUAUCUAGAAGCAAAAUAUGUUUGUUAAGUGUAAAGC,0
AUAAUAGAGACCACAUGAGUUGGUUUAGCACUUUAGUGUCA,0
CUAUUUCCUGCCUUAUGAAAUCAGCUGAGUUAAAAUUAGUU,0
AAUAAUGAGGCCUCUGGUUGUUGUACCACUAAAUGGGGAGA,0
